url/_text,url,pageUrl
Studies on soy protein isolate/polyvinyl alcohol hybrid nanofiber membranes as multi-functional eco-friendly filtration materials,http://www.sciencedirect.com/science/article/pii/S0921510716301180,http://www.sciencedirect.com/science/journal/09215107
Insight about electrical properties of low-temperature solution-processed Al-doped ZnO nanoparticle based layers for TFT applications,http://www.sciencedirect.com/science/article/pii/S0921510716301118,http://www.sciencedirect.com/science/journal/09215107
One-step synthesis of g-C3N4 hierarchical porous structure nanosheets with dramatic ultraviolet light photocatalytic activity,http://www.sciencedirect.com/science/article/pii/S0921510716301179,http://www.sciencedirect.com/science/journal/09215107
"Novel biocompatible magnesium alloys design with nutrient alloying elements Si, Ca and Sr: Structure and properties characterization",http://www.sciencedirect.com/science/article/pii/S0921510716301192,http://www.sciencedirect.com/science/journal/09215107
Photocatalytic and electrochemical performance of hydrothermally synthesized cubic Cd2SnO4 nanoparticles,http://www.sciencedirect.com/science/article/pii/S0921510716301283,http://www.sciencedirect.com/science/journal/09215107
Synthesis of SnSe nanosheets by hydrothermal intercalation and exfoliation route and their photoresponse properties,http://www.sciencedirect.com/science/article/pii/S0921510716301313,http://www.sciencedirect.com/science/journal/09215107
"Magnetic properties of Aurivillius phases Bim+1Fem−3Ti3O3m+3 with m = 5.5, 7, 8",http://www.sciencedirect.com/science/article/pii/S0921510716301155,http://www.sciencedirect.com/science/journal/09215107
Temperature dependent electrical and magnetic properties of CoWO4 nanoparticles synthesized by sonochemical method,http://www.sciencedirect.com/science/article/pii/S0921510716301325,http://www.sciencedirect.com/science/journal/09215107
Inside front cover,http://www.sciencedirect.com/science/article/pii/S0921510716301210,http://www.sciencedirect.com/science/journal/09215107/212
Synthesis of potassium sodium niobate nanostructures by hydrothermal combining with the sol-gel method,http://www.sciencedirect.com/science/article/pii/S0921510716300976,http://www.sciencedirect.com/science/journal/09215107/212
Study of the electronic phase transition with low dimensionality in SrVO3 thin films,http://www.sciencedirect.com/science/article/pii/S0921510716300988,http://www.sciencedirect.com/science/journal/09215107/212
Electrical and dielectric investigation of intercalated polypyrrole montmorillonite nanocomposite prepared by spontaneous polymerization of pyrrole into Fe(III)-montmorillonite,http://www.sciencedirect.com/science/article/pii/S0921510716300964,http://www.sciencedirect.com/science/journal/09215107/212
Evaluation of alloying effect on the formation of Ni-Fe nanosized powders by pulsed wire discharge,http://www.sciencedirect.com/science/article/pii/S092151071630099X,http://www.sciencedirect.com/science/journal/09215107/212
Cobalt-doped edge-rich MoS2/nitrogenated graphene composite as an electrocatalyst for hydrogen evolution reaction,http://www.sciencedirect.com/science/article/pii/S092151071630112X,http://www.sciencedirect.com/science/journal/09215107/212
Role of reduced pi-pi stacking in the charge transport in polyfluorene,http://www.sciencedirect.com/science/article/pii/S092151071630109X,http://www.sciencedirect.com/science/journal/09215107/212
"Warm white light generation from single phase Sr3Y(PO4)3:Dy 3+ , Eu 3+ phosphors with near ultraviolet excitation",http://www.sciencedirect.com/science/article/pii/S0921510716301143,http://www.sciencedirect.com/science/journal/09215107/212
Condensed phase diagrams for the metal–W–S systems and their relevance for contacts to WS2,http://www.sciencedirect.com/science/article/pii/S0921510716300940,http://www.sciencedirect.com/science/journal/09215107/212
The influence of mechanical activation on the morphological changes of Fe/BaTiO3 powder,http://www.sciencedirect.com/science/article/pii/S0921510716301131,http://www.sciencedirect.com/science/journal/09215107/212
Defects-related optical properties of Zn1−xCdxO thin films,http://www.sciencedirect.com/science/article/pii/S0921510716301167,http://www.sciencedirect.com/science/journal/09215107/212
"Study of fluorine doped (Nb,Ir)O2 solid solution electro-catalyst powders for proton exchange membrane based oxygen evolution reaction",http://www.sciencedirect.com/science/article/pii/S0921510716300897,http://www.sciencedirect.com/science/journal/09215107/212
Ceramic tape casting: A review of current methods and trends with emphasis on rheological behaviour and flow analysis,http://www.sciencedirect.com/science/article/pii/S0921510716301088,http://www.sciencedirect.com/science/journal/09215107/212
Inside front cover,http://www.sciencedirect.com/science/article/pii/S0921510716301015,http://www.sciencedirect.com/science/journal/09215107/211
Effect of Li + ion occupancy on microstructure and dielectric characteristics in KSr2Nb5O15 tungsten bronze ceramics,http://www.sciencedirect.com/science/article/pii/S0921510716300587,http://www.sciencedirect.com/science/journal/09215107/211
Effect of CuPc layer insertion on the memory performance of CdS nanocomposite diodes,http://www.sciencedirect.com/science/article/pii/S0921510716300563,http://www.sciencedirect.com/science/journal/09215107/211
"Luminescence properties and energy transfer investigations of Sr3Lu(PO4)3:Ce 3+ , Tb 3+ phosphors",http://www.sciencedirect.com/science/article/pii/S0921510716300605,http://www.sciencedirect.com/science/journal/09215107/211
Near-infrared quantum cutting in Ho 3+ /Yb 3+ co-doped BaZr0.8Y0.2O3-δ,http://www.sciencedirect.com/science/article/pii/S0921510716300617,http://www.sciencedirect.com/science/journal/09215107/211
Synthesis of PtSn nanostructured catalysts supported over TiO2 and Ce-doped TiO2 particles for the electro-oxidation of ethanol,http://www.sciencedirect.com/science/article/pii/S0921510716300629,http://www.sciencedirect.com/science/journal/09215107/211
Low-temperature conducting channel switching in hybrid Fe3O4/SiO2/n-Si structures,http://www.sciencedirect.com/science/article/pii/S0921510716300599,http://www.sciencedirect.com/science/journal/09215107/211
Tailoring the super-paramagnetic nature of MgFe2O4 nanoparticles by In 3+ incorporation,http://www.sciencedirect.com/science/article/pii/S0921510716300654,http://www.sciencedirect.com/science/journal/09215107/211
Study on the correlation between the surface active species of Pd/cordierite monolithic catalyst and its catalytic activity,http://www.sciencedirect.com/science/article/pii/S0921510716300344,http://www.sciencedirect.com/science/journal/09215107/211
Enhanced microwave absorption properties and mechanism of core/shell structured magnetic nanoparticles/carbon-based nanohybrids,http://www.sciencedirect.com/science/article/pii/S0921510716300630,http://www.sciencedirect.com/science/journal/09215107/211
Electrospun fibrous electrodes with tunable microstructure made of polyaniline/multi-walled carbon nanotube suspension for all-solid-state supercapacitors,http://www.sciencedirect.com/science/article/pii/S0921510716300332,http://www.sciencedirect.com/science/journal/09215107/211
Effects of Mo sources on Mo doped SrTiO3 powder prepared by spray pyrolysis for H2 evolution under visible light irradiation,http://www.sciencedirect.com/science/article/pii/S0921510716300794,http://www.sciencedirect.com/science/journal/09215107/211
Effect of the template-assisted electrodeposition parameters on the structure and magnetic properties of Co nanowire arrays,http://www.sciencedirect.com/science/article/pii/S0921510716300691,http://www.sciencedirect.com/science/journal/09215107/211
Overall conductivity and NCL-type relaxation behavior in nanocrystalline sodium peroxide Na2O2—Consequences for Na-oxygen batteries,http://www.sciencedirect.com/science/article/pii/S0921510716300678,http://www.sciencedirect.com/science/journal/09215107/211
"Relative recoilless F-factors in REFeO3 (RE = rare-earth La, Pr, Nd and Sm) orthoferrites synthesized by self-combustion method",http://www.sciencedirect.com/science/article/pii/S0921510716300782,http://www.sciencedirect.com/science/journal/09215107/211
"Nano/micro Sr2Bi4Ti5O18 crystallites: Size dependent structural, second harmonic and piezoelectric properties",http://www.sciencedirect.com/science/article/pii/S092151071630068X,http://www.sciencedirect.com/science/journal/09215107/211
Effect of vacuum annealing on evaporated pentacene thin films for memory device applications,http://www.sciencedirect.com/science/article/pii/S0921510716300824,http://www.sciencedirect.com/science/journal/09215107/211
Exploring the magnetization dynamics of NiFe/Pt multilayers in flexible substrates,http://www.sciencedirect.com/science/article/pii/S0921510716300812,http://www.sciencedirect.com/science/journal/09215107/211
"Structural, optical and electrical properties of SnN codoped p type ZnO thin films prepared by spray pyrolysis technique for diode applications",http://www.sciencedirect.com/science/article/pii/S092151071630085X,http://www.sciencedirect.com/science/journal/09215107/211
Synergetic effect of Ag2O as co-catalyst for enhanced photocatalytic degradation of phenol on N-TiO2,http://www.sciencedirect.com/science/article/pii/S0921510716300836,http://www.sciencedirect.com/science/journal/09215107/211
"Effect of substrate temperature on the structure, electrical and optical properties of Mo doped ZnO films",http://www.sciencedirect.com/science/article/pii/S0921510716300861,http://www.sciencedirect.com/science/journal/09215107/211
Electrospun ZnFe2O4-based nanofiber composites with enhanced supercapacitive properties,http://www.sciencedirect.com/science/article/pii/S0921510716300848,http://www.sciencedirect.com/science/journal/09215107/211
Co-doping TiO2 with boron and/or yttrium elements: Effects on antimicrobial activity,http://www.sciencedirect.com/science/article/pii/S0921510716300927,http://www.sciencedirect.com/science/journal/09215107/211
Control of a White Organic Light Emitting Diode emission parameters using a single doped RGB active layer,http://www.sciencedirect.com/science/article/pii/S0921510716300939,http://www.sciencedirect.com/science/journal/09215107/211
Electrochemical and antimicrobial activity of tellurium oxide nanoparticles,http://www.sciencedirect.com/science/article/pii/S0921510716300915,http://www.sciencedirect.com/science/journal/09215107/211
Luminescence enhancement of ZnO-poly(methylmethacrylate) nanocomposite films by incorporation of crystalline BaTiO3 nanoparticles,http://www.sciencedirect.com/science/article/pii/S0921510716300885,http://www.sciencedirect.com/science/journal/09215107/211
Impact of nitrogen plasma passivation on the Al/n-Ge contact,http://www.sciencedirect.com/science/article/pii/S0921510716300903,http://www.sciencedirect.com/science/journal/09215107/211
Na3Fe2(SO4)2(SO3N) as a potential high capacity cathode material,http://www.sciencedirect.com/science/article/pii/S0921510716300952,http://www.sciencedirect.com/science/journal/09215107/211
Inside front cover,http://www.sciencedirect.com/science/article/pii/S092151071630071X,http://www.sciencedirect.com/science/journal/09215107/210
Solution processing of CuSe quantum dots: Photocatalytic activity under RhB for UV and visible-light solar irradiation,http://www.sciencedirect.com/science/article/pii/S0921510716300472,http://www.sciencedirect.com/science/journal/09215107/210
Preparation of copper (I) oxide nanohexagon decorated reduced graphene oxide nanocomposite and its application in electrochemical sensing of dopamine,http://www.sciencedirect.com/science/article/pii/S0921510716300459,http://www.sciencedirect.com/science/journal/09215107/210
Possible origin of stabilized monoclinic structure of KNbO3 nanomaterials at room temperature,http://www.sciencedirect.com/science/article/pii/S0921510716300526,http://www.sciencedirect.com/science/journal/09215107/210
Advanced nanostructured photocatalysts based on reduced graphene oxide-flower-like Bi2WO6 composites for an augmented simulated solar photoactivity activity,http://www.sciencedirect.com/science/article/pii/S0921510716300186,http://www.sciencedirect.com/science/journal/09215107/210
The reactivity study of peptide A3-capped gold and silver nanoparticles with heavy metal ions,http://www.sciencedirect.com/science/article/pii/S0921510716300204,http://www.sciencedirect.com/science/journal/09215107/210
"Rapid and efficient visible light photocatalytic dye degradation using AFe2O4 (A = Ba, Ca and Sr) complex oxides",http://www.sciencedirect.com/science/article/pii/S0921510716300241,http://www.sciencedirect.com/science/journal/09215107/210
Preparation of three-dimensional porous Cu film supported on Cu foam and its electrocatalytic performance for hydrazine electrooxidation in alkaline medium,http://www.sciencedirect.com/science/article/pii/S0921510716300502,http://www.sciencedirect.com/science/journal/09215107/210
Physical and electrical properties of bilayer CeO2/TiO2 gate dielectric stack,http://www.sciencedirect.com/science/article/pii/S0921510716300514,http://www.sciencedirect.com/science/journal/09215107/210
Hierarchical three-dimensional porous SnS2/carbon cloth anode for high-performance lithium ion batteries,http://www.sciencedirect.com/science/article/pii/S0921510716300150,http://www.sciencedirect.com/science/journal/09215107/210
"Magnetic and dielectric properties of rare earth substituted Ni0.5Zn0.5Fe1.95R0.05O4 (R = Pr, Sm and La) ferrite nanoparticles",http://www.sciencedirect.com/science/article/pii/S0921510716300198,http://www.sciencedirect.com/science/journal/09215107/210
Inside front cover,http://www.sciencedirect.com/science/article/pii/S0921510716300368,http://www.sciencedirect.com/science/journal/09215107/209
One step phase separation process to fabricate superhydrophobic PVC films and its corrosion prevention for AZ91D magnesium alloy,http://www.sciencedirect.com/science/article/pii/S0921510716000106,http://www.sciencedirect.com/science/journal/09215107/209
"Sb2MoO6, Bi2MoO6, Sb2WO6, and Bi2WO6 flake-like crystals: Generalized hydrothermal synthesis and the applications of Bi2WO6 and Bi2MoO6 as red phosphors doped with Eu 3+ ions",http://www.sciencedirect.com/science/article/pii/S0921510715002676,http://www.sciencedirect.com/science/journal/09215107/209
"Luminescence of one dimensional ZnO, GeO2–Zn2GeO4 nanostructure through thermal evaporation of Zn and Ge powder mixture",http://www.sciencedirect.com/science/article/pii/S0921510716000532,http://www.sciencedirect.com/science/journal/09215107/209
Tuning magneto-structural properties of Ni44Co6Mn39Sn11 Heusler alloy ribbons by Fe-doping,http://www.sciencedirect.com/science/article/pii/S0921510716000544,http://www.sciencedirect.com/science/journal/09215107/209
Influence of Ti and Zr dopants on the electrochemical performance of LiCoO2 film cathodes prepared by rf-magnetron sputtering,http://www.sciencedirect.com/science/article/pii/S0921510716300010,http://www.sciencedirect.com/science/journal/09215107/209
First-principles calculated spin-gapless semiconducting behavior in quaternary VCoHfGa and CrFeHfGa Heusler compounds,http://www.sciencedirect.com/science/article/pii/S0921510715002901,http://www.sciencedirect.com/science/journal/09215107/209
Effects of hollow Zn2SiO4 particles addition on dielectric properties of isotactic polypropylene-HW composites,http://www.sciencedirect.com/science/article/pii/S0921510716000118,http://www.sciencedirect.com/science/journal/09215107/209
Structure and photoluminescence of boron and nitrogen co-doped carbon nanorods,http://www.sciencedirect.com/science/article/pii/S0921510716300162,http://www.sciencedirect.com/science/journal/09215107/209
Fabrication and characterization of cubic Ba0.5Sr0.5Co0.8Fe0.2O3−δ perovskite for a novel “star-shaped” oxygen membrane with a developed surface,http://www.sciencedirect.com/science/article/pii/S0921510716300174,http://www.sciencedirect.com/science/journal/09215107/209
"Investigation of magnetic interactions, electrical and magneto-transport properties in Ga-substituted La0.4Bi0.6MnO3 perovskite manganites",http://www.sciencedirect.com/science/article/pii/S0921510716300216,http://www.sciencedirect.com/science/journal/09215107/209
A novel high color purity blue-emitting phosphor: CaBi2B2O7:Tm 3+,http://www.sciencedirect.com/science/article/pii/S0921510716300022,http://www.sciencedirect.com/science/journal/09215107/209
Hydrothermally synthesized SnO2-graphene composites for H2 sensing at low operating temperature,http://www.sciencedirect.com/science/article/pii/S0921510715002330,http://www.sciencedirect.com/science/journal/09215107/209
Inside front cover,http://www.sciencedirect.com/science/article/pii/S0921510716300046,http://www.sciencedirect.com/science/journal/09215107/208
"Vertically aligned nitrogen doped (Sn,Nb)O2 nanotubes – Robust photoanodes for hydrogen generation by photoelectrochemical water splitting",http://www.sciencedirect.com/science/article/pii/S0921510716000349,http://www.sciencedirect.com/science/journal/09215107/208
Size dependent photocatalytic activity of ZnS nanostructures prepared by a facile precipitation method,http://www.sciencedirect.com/science/article/pii/S0921510716000386,http://www.sciencedirect.com/science/journal/09215107/208
CdTe/TiO2 nanocomposite material for photogenerated cathodic protection of 304 stainless steel,http://www.sciencedirect.com/science/article/pii/S0921510716000404,http://www.sciencedirect.com/science/journal/09215107/208
"Electro-synthesis, characterization and photoconducting performance of ITO/polybithiophene–MnO2 composite",http://www.sciencedirect.com/science/article/pii/S0921510716000416,http://www.sciencedirect.com/science/journal/09215107/208
Enhanced mechanical properties and increased corrosion resistance of a biodegradable magnesium alloy by plasma electrolytic oxidation (PEO),http://www.sciencedirect.com/science/article/pii/S0921510716000398,http://www.sciencedirect.com/science/journal/09215107/208
Synthesis and photoluminescence properties of Ba2CaZn2Si6O17:Tb 3+ green phosphor,http://www.sciencedirect.com/science/article/pii/S0921510716000520,http://www.sciencedirect.com/science/journal/09215107/208
Inside front cover,http://www.sciencedirect.com/science/article/pii/S092151071600043X,http://www.sciencedirect.com/science/journal/09215107/207
Magnetic and magneto-optical characteristics of spin coated Co0.6Zn0.4Fe1.7Mn0.3O4 thin films on Pt (1 1 1) coated Si substrate,http://www.sciencedirect.com/science/article/pii/S092151071600012X,http://www.sciencedirect.com/science/journal/09215107/207
Tensile strain induced narrowed bandgap of TiO2 films: Utilizing the two-way shape memory effect of TiNiNb substrate and in-situ mechanical bending,http://www.sciencedirect.com/science/article/pii/S0921510716000210,http://www.sciencedirect.com/science/journal/09215107/207
Tunable magnetocrystalline easy axis in cobalt nanowire arrays by zinc additive,http://www.sciencedirect.com/science/article/pii/S092151071600009X,http://www.sciencedirect.com/science/journal/09215107/207
ZnS semiconductor quantum dots production by an endophytic fungus Aspergillus flavus,http://www.sciencedirect.com/science/article/pii/S0921510716000222,http://www.sciencedirect.com/science/journal/09215107/207
Facile preparation of Ni2P/ZnO core/shell composites by a chemical method and its photocatalytic performance,http://www.sciencedirect.com/science/article/pii/S0921510716000234,http://www.sciencedirect.com/science/journal/09215107/207
"Nano-structured NaLa(MoO4)2 and Eu 3+ -doped NaLa(MoO4)2: Synthesis, characterizations, photoluminescence and superhydrophobic properties",http://www.sciencedirect.com/science/article/pii/S0921510716000362,http://www.sciencedirect.com/science/journal/09215107/207
Dielectric and magnetic response of SrFe12O19–CoFe2O4 composites obtained by solid state reaction,http://www.sciencedirect.com/science/article/pii/S0921510716000374,http://www.sciencedirect.com/science/journal/09215107/207
NaLaTi2O6 nanosheet as a potential anode material for lithium ion batteries,http://www.sciencedirect.com/science/article/pii/S0921510716000088,http://www.sciencedirect.com/science/journal/09215107/207
Inside front cover,http://www.sciencedirect.com/science/article/pii/S0921510716000258,http://www.sciencedirect.com/science/journal/09215107/206
Anti-corrosive and anti-microbial properties of nanocrystalline Ni-Ag coatings,http://www.sciencedirect.com/science/article/pii/S0921510716000064,http://www.sciencedirect.com/science/journal/09215107/206
A study of Eu incorporated ZnO thin films: An application of Al/ZnO:Eu/p-Si heterojunction diode,http://www.sciencedirect.com/science/article/pii/S0921510716000076,http://www.sciencedirect.com/science/journal/09215107/206
Application of hydrothermally produced TiO2 nanotubes in photocatalytic esterification of oleic acid,http://www.sciencedirect.com/science/article/pii/S0921510716000027,http://www.sciencedirect.com/science/journal/09215107/206
Probing the electrochemical properties of TiO2/graphene composite by cyclic voltammetry and impedance spectroscopy,http://www.sciencedirect.com/science/article/pii/S0921510715002895,http://www.sciencedirect.com/science/journal/09215107/206
Structural characterization and electrochemical behavior of 45S5 bioglass coating on Ti6Al4V alloy for dental applications,http://www.sciencedirect.com/science/article/pii/S0921510715002214,http://www.sciencedirect.com/science/journal/09215107/206
Mn1.56Co0.96Ni0.48O4±δ flexible thin films fabricated by pulsed laser deposition for NTC applications,http://www.sciencedirect.com/science/article/pii/S0921510715002469,http://www.sciencedirect.com/science/journal/09215107/206
Al-based magnetic composites produced by accumulative roll bonding (ARB),http://www.sciencedirect.com/science/article/pii/S0921510716000040,http://www.sciencedirect.com/science/journal/09215107/206
Investigation of nonlinear I–V behavior of CNTs filled polymer composites,http://www.sciencedirect.com/science/article/pii/S0921510716000052,http://www.sciencedirect.com/science/journal/09215107/206
Enhanced efficiency of polymer solar cells by structure-differentiated silver nano-dopants in solution-processed tungsten oxide layer,http://www.sciencedirect.com/science/article/pii/S0921510715002585,http://www.sciencedirect.com/science/journal/09215107/206
"Cation distribution in Ni-substituted Mn0.5Zn0.5Fe2O4 nanoparticles: A Raman, Mössbauer, X-ray diffraction and electron spectroscopy study",http://www.sciencedirect.com/science/article/pii/S0921510716000039,http://www.sciencedirect.com/science/journal/09215107/206
The effects of Br dopant on the photo-catalytic properties of Bi2WO6,http://www.sciencedirect.com/science/article/pii/S0921510715002688,http://www.sciencedirect.com/science/journal/09215107/206
Inside front cover,http://www.sciencedirect.com/science/article/pii/S0921510716000143,http://www.sciencedirect.com/science/journal/09215107/205
Optimization of hybrid polymer electrolytes with the effect of lithium salt concentration in PEO/PVdF-HFP blends,http://www.sciencedirect.com/science/article/pii/S0921510715002652,http://www.sciencedirect.com/science/journal/09215107/205
"Investigation of fundamental physical properties of CdSiP2 and its application in solar cell devices by using (ZnX; X = Se, Te) buffer layers",http://www.sciencedirect.com/science/article/pii/S0921510715002664,http://www.sciencedirect.com/science/journal/09215107/205
Facile radiolytic synthesis of ruthenium nanoparticles on graphene oxide and carbon nanotubes,http://www.sciencedirect.com/science/article/pii/S092151071500269X,http://www.sciencedirect.com/science/journal/09215107/205
High thermoelectric performance of fullerene doped Bi0.5Sb1.5Te3 alloys,http://www.sciencedirect.com/science/article/pii/S0921510715002639,http://www.sciencedirect.com/science/journal/09215107/205
"Photocatalytic performance of magnetically separable Fe, N co-doped TiO2-cobalt ferrite nanocomposite",http://www.sciencedirect.com/science/article/pii/S0921510715002780,http://www.sciencedirect.com/science/journal/09215107/205
Anchoring function for polysulfide ions of ultrasmall SnS2 in hollow carbon nanospheres for high performance lithium–sulfur batteries,http://www.sciencedirect.com/science/article/pii/S0921510715002640,http://www.sciencedirect.com/science/journal/09215107/205
Temperature sensor realized by inkjet printing process on flexible substrate,http://www.sciencedirect.com/science/article/pii/S0921510715002573,http://www.sciencedirect.com/science/journal/09215107/205
Inside front cover,http://www.sciencedirect.com/science/article/pii/S0921510715002809,http://www.sciencedirect.com/science/journal/09215107/204
Large low field room temperature magneto-dielectric response from (Sr0.5Ba0.5)Nb2O6/Co(Cr0.4Fe1.6)O4 bulk 3-0 composites,http://www.sciencedirect.com/science/article/pii/S0921510715002482,http://www.sciencedirect.com/science/journal/09215107/204
Microwave dielectric properties of low-fired Li2TiO3–MgO ceramics for LTCC applications,http://www.sciencedirect.com/science/article/pii/S0921510715002317,http://www.sciencedirect.com/science/journal/09215107/204
Development of CuInTe2 thin film solar cells by electrochemical route with low temperature (80 °C) heat treatment procedure,http://www.sciencedirect.com/science/article/pii/S0921510715002597,http://www.sciencedirect.com/science/journal/09215107/204
Investigation of formamidinium and guanidinium lead tri-iodide powders as precursors for solar cells,http://www.sciencedirect.com/science/article/pii/S0921510715002603,http://www.sciencedirect.com/science/journal/09215107/204
Amorphous silicon thin-film solar cells on glass fiber textiles,http://www.sciencedirect.com/science/article/pii/S0921510715002615,http://www.sciencedirect.com/science/journal/09215107/204
Preparation of FeS2 nanotube arrays based on layer-by-layer assembly and their photoelectrochemical properties,http://www.sciencedirect.com/science/article/pii/S0921510715002627,http://www.sciencedirect.com/science/journal/09215107/204
UV-assisted synthesis of reduced graphene oxide zinc sulfide composite with enhanced photocatalytic activity,http://www.sciencedirect.com/science/article/pii/S0921510715002470,http://www.sciencedirect.com/science/journal/09215107/204
Inside front cover,http://www.sciencedirect.com/science/article/pii/S0921510715002500,http://www.sciencedirect.com/science/journal/09215107/203
Preparation and properties of negative thermal expansion Zr2P2WO12 powders and Zr2P2WO12/TiNi composites,http://www.sciencedirect.com/science/article/pii/S0921510715002299,http://www.sciencedirect.com/science/journal/09215107/203
Dysprosium-containing layered double hydroxides nanoparticles intercalated with biologically active species as an approach for theranostic systems,http://www.sciencedirect.com/science/article/pii/S0921510715002287,http://www.sciencedirect.com/science/journal/09215107/203
Dielectric properties of polyimide/SiO2 hollow spheres composite films with ultralow dielectric constant,http://www.sciencedirect.com/science/article/pii/S0921510715002275,http://www.sciencedirect.com/science/journal/09215107/203
Modulation of structures of CuInS2 nanoparticles grown with ethylxanthate salts,http://www.sciencedirect.com/science/article/pii/S0921510715002093,http://www.sciencedirect.com/science/journal/09215107/203
Biogenic metallic nanoparticles as catalyst for bioelectricity production: A novel approach in microbial fuel cells,http://www.sciencedirect.com/science/article/pii/S0921510715002305,http://www.sciencedirect.com/science/journal/09215107/203
Observation of “cool daylight” white light emission from Eu and Tb co-doped SrMoO4 nano ceramics,http://www.sciencedirect.com/science/article/pii/S0921510715002342,http://www.sciencedirect.com/science/journal/09215107/203
Microbial biosynthesis of nontoxic gold nanoparticles,http://www.sciencedirect.com/science/article/pii/S0921510715002329,http://www.sciencedirect.com/science/journal/09215107/203
Effect of Eu 3+ doping on the structural and photoluminescence properties of cubic CaCO3,http://www.sciencedirect.com/science/article/pii/S0921510715002226,http://www.sciencedirect.com/science/journal/09215107/203
Synthesis and characterization of magnesium gluconate contained poly(lactic-co-glycolic acid)/chitosan microspheres,http://www.sciencedirect.com/science/article/pii/S0921510715002457,http://www.sciencedirect.com/science/journal/09215107/203
Inside front cover,http://www.sciencedirect.com/science/article/pii/S0921510715002366,http://www.sciencedirect.com/science/journal/09215107/202
Hard template synthesis of porous carbon nitride materials with improved efficiency for photocatalytic CO2 utilization,http://www.sciencedirect.com/science/article/pii/S0921510715002007,http://www.sciencedirect.com/science/journal/09215107/202
Synthesis and electrochemical study of Mg1.5MnO3: A defect spinel cathode for rechargeable magnesium battery,http://www.sciencedirect.com/science/article/pii/S0921510715002056,http://www.sciencedirect.com/science/journal/09215107/202
"Conversion of α-Fe2O3 from spindle nanorods to nanotubes, and their lithium-storage performance",http://www.sciencedirect.com/science/article/pii/S0921510715002081,http://www.sciencedirect.com/science/journal/09215107/202
Improved p–n heterojunction device performance induced by irradiation in amorphous boron carbide films,http://www.sciencedirect.com/science/article/pii/S092151071500210X,http://www.sciencedirect.com/science/journal/09215107/202
Tungsten/molybdenum thin films for application as interdigital transducers on high temperature stable piezoelectric substrates La3Ga5SiO14 and Ca3TaGa3Si2O14,http://www.sciencedirect.com/science/article/pii/S0921510715002044,http://www.sciencedirect.com/science/journal/09215107/202
Thickness control in electrophoretic deposition of WO3 nanofiber thin films for solar water splitting,http://www.sciencedirect.com/science/article/pii/S0921510715002238,http://www.sciencedirect.com/science/journal/09215107/202
Structural and functional aspects of trypsin–gold nanoparticle interactions: An experimental investigation,http://www.sciencedirect.com/science/article/pii/S092151071500224X,http://www.sciencedirect.com/science/journal/09215107/202
Cobalt-phosphate/Ni-doped TiO2 nanotubes composite photoanodes for solar water oxidation,http://www.sciencedirect.com/science/article/pii/S0921510715002251,http://www.sciencedirect.com/science/journal/09215107/202
SnO2/reduced graphene oxide composite films for electrochemical applications,http://www.sciencedirect.com/science/article/pii/S0921510715002263,http://www.sciencedirect.com/science/journal/09215107/202
Inside front cover,http://www.sciencedirect.com/science/article/pii/S0921510715002123,http://www.sciencedirect.com/science/journal/09215107/201
Iron impregnated carbon materials with improved physicochemical characteristics,http://www.sciencedirect.com/science/article/pii/S0921510715001877,http://www.sciencedirect.com/science/journal/09215107/201
"Synthesis, characterization and electrochemical performance of Al-substituted Li2MnO3",http://www.sciencedirect.com/science/article/pii/S0921510715001890,http://www.sciencedirect.com/science/journal/09215107/201
"Dual-mode photoluminescence, temperature sensing and enhanced ferroelectric properties in Er-doped (Ba0.4Ca0.6)TiO3 multifunctional diphase ceramics",http://www.sciencedirect.com/science/article/pii/S0921510715001713,http://www.sciencedirect.com/science/journal/09215107/201
Fabrication of iridium oxide nanoparticles supported on activated carbon powder by flashlight irradiation for oxygen evolutions,http://www.sciencedirect.com/science/article/pii/S0921510715001646,http://www.sciencedirect.com/science/journal/09215107/201
Luminescent Eu(III) and Tb(III) activator ions in La(OH)3 and La2O3 nanowire matrices,http://www.sciencedirect.com/science/article/pii/S0921510715002019,http://www.sciencedirect.com/science/journal/09215107/201
First-principles insights on electron transport in V2O5 nanostructures,http://www.sciencedirect.com/science/article/pii/S0921510715001981,http://www.sciencedirect.com/science/journal/09215107/201
Enhanced piezoelectric properties and excellent thermal stabilities of cobalt-modified Aurivillius-type calcium bismuth titanate (CaBi4Ti4O15),http://www.sciencedirect.com/science/article/pii/S0921510715002032,http://www.sciencedirect.com/science/journal/09215107/201
"Effect of annealing temperature and time on structure, morphology and visible-light photocatalytic activities Ag3PO4 microparticles",http://www.sciencedirect.com/science/article/pii/S0921510715002020,http://www.sciencedirect.com/science/journal/09215107/201
Synthesis of N-rich microporous carbon materials from chitosan by alkali activation using Na2CO3,http://www.sciencedirect.com/science/article/pii/S0921510715001993,http://www.sciencedirect.com/science/journal/09215107/201
"Structural, optical and magnetic properties of Mn 2+ doped ZnO-CdS composite nanopowder",http://www.sciencedirect.com/science/article/pii/S0921510715001828,http://www.sciencedirect.com/science/journal/09215107/201
Core–shell structured FeSiAl/SiO2 particles and Fe3Si/Al2O3 soft magnetic composite cores with tunable insulating layer thicknesses,http://www.sciencedirect.com/science/article/pii/S0921510715002068,http://www.sciencedirect.com/science/journal/09215107/201
Dependence of sheet resistance on dispersion of multi-walled carbon nanotubes grown using size-controlled catalyst particles,http://www.sciencedirect.com/science/article/pii/S092151071500207X,http://www.sciencedirect.com/science/journal/09215107/201
Inside front cover,http://www.sciencedirect.com/science/article/pii/S0921510715001919,http://www.sciencedirect.com/science/journal/09215107/200
Simple solution-processed CuOX as anode buffer layer for efficient organic solar cells,http://www.sciencedirect.com/science/article/pii/S0921510715001634,http://www.sciencedirect.com/science/journal/09215107/200
Layer-by-Layer films based on biopolymers extracted from red seaweeds and polyaniline for applications in electrochemical sensors of chromium VI,http://www.sciencedirect.com/science/article/pii/S0921510715001543,http://www.sciencedirect.com/science/journal/09215107/200
Significant room-temperature ferromagnetism in porous ZnO films: The role of oxygen vacancies,http://www.sciencedirect.com/science/article/pii/S0921510715001622,http://www.sciencedirect.com/science/journal/09215107/200
Synthesis and characterization of β-phase iron silicide nano-particles by chemical reduction,http://www.sciencedirect.com/science/article/pii/S0921510715001580,http://www.sciencedirect.com/science/journal/09215107/200
Preparation and characterization of flexible ferromagnetic nanocomposites for microwave applications,http://www.sciencedirect.com/science/article/pii/S0921510715001385,http://www.sciencedirect.com/science/journal/09215107/200
Influence of Na diffusion on thermochromism of vanadium oxide films and suppression through mixed-alkali effect,http://www.sciencedirect.com/science/article/pii/S092151071500166X,http://www.sciencedirect.com/science/journal/09215107/200
Effect of Gd 3+ doping and reaction temperature on structural and optical properties of CdS nanoparticles,http://www.sciencedirect.com/science/article/pii/S0921510715001671,http://www.sciencedirect.com/science/journal/09215107/200
Highly sensitive room temperature organic vapor sensor based on polybenzoxazine-derived carbon aerogel thin film composite,http://www.sciencedirect.com/science/article/pii/S0921510715001701,http://www.sciencedirect.com/science/journal/09215107/200
Oxidative degradation of salicylic acid by sprayed WO3 photocatalyst,http://www.sciencedirect.com/science/article/pii/S0921510715001695,http://www.sciencedirect.com/science/journal/09215107/200
Properties of transparent and conductive Al:ZnO/Au/Al:ZnO multilayers on flexible PET substrates,http://www.sciencedirect.com/science/article/pii/S0921510715001683,http://www.sciencedirect.com/science/journal/09215107/200
Nanocrystalline sputter-deposited ZnMgO:Al transparent p-type electrode in GaN-based 385 nm UV LED for significant emission enhancement,http://www.sciencedirect.com/science/article/pii/S092151071500183X,http://www.sciencedirect.com/science/journal/09215107/200
"Synthesis and characterizations of CoPt nanoparticles supported on poly(3,4-ethylenedioxythiophene)/poly(styrenesulfonate) functionalized multi-walled carbon nanotubes with superior activity for NaBH4 hydrolysis",http://www.sciencedirect.com/science/article/pii/S0921510715001853,http://www.sciencedirect.com/science/journal/09215107/200
"Type-II CdS/ZnSe core/shell heterostructures: UV–vis absorption, photoluminescence and Raman scattering studies",http://www.sciencedirect.com/science/article/pii/S0921510715001865,http://www.sciencedirect.com/science/journal/09215107/200
Influence of sol–gel parameters in the fabrication of ferromagnetic La2/3Ca1/3MnO3 nanotube arrays,http://www.sciencedirect.com/science/article/pii/S0921510715001889,http://www.sciencedirect.com/science/journal/09215107/200
Nanostructured ZnO films: A study of molecular influence on transport properties by impedance spectroscopy,http://www.sciencedirect.com/science/article/pii/S0921510715001658,http://www.sciencedirect.com/science/journal/09215107/200
Preparation and characterization of silicon nitride (SiN)-coated carbon fibers and their effects on thermal properties in composites,http://www.sciencedirect.com/science/article/pii/S0921510715001841,http://www.sciencedirect.com/science/journal/09215107/200
Inside front cover,http://www.sciencedirect.com/science/article/pii/S0921510715001427,http://www.sciencedirect.com/science/journal/09215107/198
"Synthesis, characterization, photocatalytic and conductivity studies of defect pyrochlore KM0.33Te1.67O6 (M=Al, Cr and Fe)",http://www.sciencedirect.com/science/article/pii/S0921510715000914,http://www.sciencedirect.com/science/journal/09215107/198
Surface passivation and conversion of SnO2 to SnS2 nanowires,http://www.sciencedirect.com/science/article/pii/S0921510715000872,http://www.sciencedirect.com/science/journal/09215107/198
Interface state density evaluation of high quality hetero-epitaxial 3C–SiC(0 0 1) for high-power MOSFET applications,http://www.sciencedirect.com/science/article/pii/S0921510715001063,http://www.sciencedirect.com/science/journal/09215107/198
Role of film thickness on the microstructure and electrical properties of Mn-Co-Ni-O thin film thermistors,http://www.sciencedirect.com/science/article/pii/S0921510715001075,http://www.sciencedirect.com/science/journal/09215107/198
Impact compressive behavior of deep-drawn cups consisting of aluminum/duralumin multi-layered graded structures,http://www.sciencedirect.com/science/article/pii/S0921510715001087,http://www.sciencedirect.com/science/journal/09215107/198
Nanostructured composite TiO2/carbon catalysts of high activity for dehydration of n-butanol,http://www.sciencedirect.com/science/article/pii/S0921510715001129,http://www.sciencedirect.com/science/journal/09215107/198
Performance characterization of gallium nitride HEMT cascode switch for power conditioning applications,http://www.sciencedirect.com/science/article/pii/S0921510715001099,http://www.sciencedirect.com/science/journal/09215107/198
Assembly of polypyrrole nanotube@MnO2 composites with an improved electrochemical capacitance,http://www.sciencedirect.com/science/article/pii/S0921510715001105,http://www.sciencedirect.com/science/journal/09215107/198
A facile one-pot synthesis of higher yield porphyrin functionalized Co3O4 nanoparticles,http://www.sciencedirect.com/science/article/pii/S0921510715001130,http://www.sciencedirect.com/science/journal/09215107/198
"Electrochemical synthesis, structural features and photoelectrocatalytic activity of TiO2–SiO2 ceramic coatings on dye degradation",http://www.sciencedirect.com/science/article/pii/S0921510715001166,http://www.sciencedirect.com/science/journal/09215107/198
Electrical properties of Pb(Zr0.52Ti0.48)O3–BiFeO3 multilayers on non-platinized silicon substrate,http://www.sciencedirect.com/science/article/pii/S0921510715001051,http://www.sciencedirect.com/science/journal/09215107/198
Microstructure and thermoelectric properties in Fe-doped ZrCoSb half-Heusler compounds,http://www.sciencedirect.com/science/article/pii/S0921510715001117,http://www.sciencedirect.com/science/journal/09215107/198
Ni–Cu interdiffusion and its implication for ageing in Ni-coated Cu conductors,http://www.sciencedirect.com/science/article/pii/S092151071500118X,http://www.sciencedirect.com/science/journal/09215107/198
Size-dependent deformation behavior of nanocrystalline graphene sheets,http://www.sciencedirect.com/science/article/pii/S0921510715001154,http://www.sciencedirect.com/science/journal/09215107/198
InAs quantum dots as charge storing elements for applications in flash memory devices,http://www.sciencedirect.com/science/article/pii/S0921510715001142,http://www.sciencedirect.com/science/journal/09215107/198
"Preparation, electromagnetic and enhanced microwave absorption properties of Fe nanoparticles encapsulated in carbon nanotubes",http://www.sciencedirect.com/science/article/pii/S0921510715001178,http://www.sciencedirect.com/science/journal/09215107/198
Martensitic phase transformations and magnetocaloric effect in Al co-sputtered Ni–Mn–Sb alloy thin films,http://www.sciencedirect.com/science/article/pii/S0921510715001294,http://www.sciencedirect.com/science/journal/09215107/198
Erratum to “Characterization and electrical properties of polyvinyl alcohol based polymer electrolyte films doped with ammonium thiocyanate” [Mater. Sci. Eng. B 184 (2014) 49–57],http://www.sciencedirect.com/science/article/pii/S0921510714000476,http://www.sciencedirect.com/science/journal/09215107/198
Inside front cover,http://www.sciencedirect.com/science/article/pii/S0921510715001208,http://www.sciencedirect.com/science/journal/09215107/197
Identification of the dissociative and kick-out diffusion mechanisms of Zn diffusion in GaAs by photoluminescence analysis,http://www.sciencedirect.com/science/article/pii/S0921510715000860,http://www.sciencedirect.com/science/journal/09215107/197
"Interaction of phonons with intraband electronic excitations and crystal field transitions in Raman spectra of (Nd,Eu,Gd)Ba2Cu3Oy crystals",http://www.sciencedirect.com/science/article/pii/S0921510715000859,http://www.sciencedirect.com/science/journal/09215107/197
Luminescence variations in europium-doped silicon-substituted hydroxyapatite nanobiophosphor via three different methods,http://www.sciencedirect.com/science/article/pii/S0921510715000707,http://www.sciencedirect.com/science/journal/09215107/197
Electrically conductive polyaniline as hole-injection layer for MEH-PPV:BT based polymer light emitting diodes,http://www.sciencedirect.com/science/article/pii/S0921510715000847,http://www.sciencedirect.com/science/journal/09215107/197
Photoactivity enhancement of Zn-doped CdWO4 prepared with a hydrothermal method,http://www.sciencedirect.com/science/article/pii/S0921510715000884,http://www.sciencedirect.com/science/journal/09215107/197
Dielectric-ferrite film heterostructures for magnetic field controlled resonance microwave components,http://www.sciencedirect.com/science/article/pii/S0921510715000896,http://www.sciencedirect.com/science/journal/09215107/197
Effects of fabrication conditions on mechanical properties and microstructure of duplex β″-Al2O3 solid electrolyte,http://www.sciencedirect.com/science/article/pii/S0921510715000902,http://www.sciencedirect.com/science/journal/09215107/197
Interpretation of dc and ac conductivity of Ag2O–SeO2–MoO3 glass-nanocomposite-semiconductor,http://www.sciencedirect.com/science/article/pii/S0921510715000653,http://www.sciencedirect.com/science/journal/09215107/197
"Synthesis, structural, magnetic and sodium deinsertion/insertion properties of a sodium ferrous metaphosphate, NaFe(PO3)3",http://www.sciencedirect.com/science/article/pii/S0921510715000719,http://www.sciencedirect.com/science/journal/09215107/197
"Microstructure, electromagnetic shielding effectiveness and mechanical properties of Mg–Zn–Cu–Zr alloys",http://www.sciencedirect.com/science/article/pii/S0921510715000938,http://www.sciencedirect.com/science/journal/09215107/197
Mechanically enhanced p- and n-type Bi2Te3-based thermoelectric materials reprocessed from commercial ingots by ball milling and spark plasma sintering,http://www.sciencedirect.com/science/article/pii/S0921510715000926,http://www.sciencedirect.com/science/journal/09215107/197
Luminescence properties of LiY6O5(BO3)3:Eu 3+ /Sm 3+ phosphor,http://www.sciencedirect.com/science/article/pii/S0921510715000343,http://www.sciencedirect.com/science/journal/09215107/197
Large scale synthesis and formation mechanism of silver nanoparticles in solid-state reactions at ambient temperature,http://www.sciencedirect.com/science/article/pii/S0921510715000835,http://www.sciencedirect.com/science/journal/09215107/197
Inside front cover,http://www.sciencedirect.com/science/article/pii/S0921510715000951,http://www.sciencedirect.com/science/journal/09215107/196
Magnetic properties and loss separation in Fe76−xAgxNb2Si13B9 amorphous alloys,http://www.sciencedirect.com/science/article/pii/S0921510715000677,http://www.sciencedirect.com/science/journal/09215107/196
"Structural, electrical and optical studies on ruthenium doped ZnO pellets for device applications",http://www.sciencedirect.com/science/article/pii/S0921510715000689,http://www.sciencedirect.com/science/journal/09215107/196
α-Fe2O3/Ti–Nb–Zr–O composite photoanode for enhanced photoelectrochemical water splitting,http://www.sciencedirect.com/science/article/pii/S0921510715000665,http://www.sciencedirect.com/science/journal/09215107/196
Vertically aligned Si nanocrystals embedded in amorphous Si matrix prepared by inductively coupled plasma chemical vapor deposition (ICP-CVD),http://www.sciencedirect.com/science/article/pii/S0921510715000690,http://www.sciencedirect.com/science/journal/09215107/196
"Synthesis, microstructure and electrical properties of BaZr0.9Y0.1O3−δ:BaCe0.86Y0.1Zn0.04O3−δ proton conductors",http://www.sciencedirect.com/science/article/pii/S0921510715000811,http://www.sciencedirect.com/science/journal/09215107/196
"Magnetic property, Mössbauer spectroscopy and microwave reflection loss of maghemite nanoparticles (γ-Fe2O3) encapsulated in carbon nanotubes",http://www.sciencedirect.com/science/article/pii/S0921510715000641,http://www.sciencedirect.com/science/journal/09215107/196
Photocatalytic degradation of acetaminophen in aqueous solutions by TiO2/ZSM-5 zeolite with low energy irradiation,http://www.sciencedirect.com/science/article/pii/S0921510714003031,http://www.sciencedirect.com/science/journal/09215107/196
2.9 μm emission properties and energy transfer mechanism in Dy 3+ /Tm 3+ -codoped tellurite glass,http://www.sciencedirect.com/science/article/pii/S0921510715000616,http://www.sciencedirect.com/science/journal/09215107/196
Electrocaloric response of KNbO3 from a first-principles effective Hamiltonian,http://www.sciencedirect.com/science/article/pii/S0921510715000604,http://www.sciencedirect.com/science/journal/09215107/196
Inside front cover,http://www.sciencedirect.com/science/article/pii/S0921510715000732,http://www.sciencedirect.com/science/journal/09215107/195
Barrier-oxide layer engineering of TiO2 nanotube arrays to get single- and multi-stage Y-branched nanotubes: Effect of voltage ramping and electrolyte conductivity,http://www.sciencedirect.com/science/article/pii/S0921510715000161,http://www.sciencedirect.com/science/journal/09215107/195
Temperature dependence of dielectric properties of SiCf/PyC/SiC composites,http://www.sciencedirect.com/science/article/pii/S0921510715000185,http://www.sciencedirect.com/science/journal/09215107/195
Response surface methodology for the optimization of lanthanum removal from an aqueous solution using a Fe3O4/chitosan nanocomposite,http://www.sciencedirect.com/science/article/pii/S0921510715000173,http://www.sciencedirect.com/science/journal/09215107/195
Structure and optical property of composites based on ternary Zn1−xCdxO nanoparticles dispersed in octosilicate,http://www.sciencedirect.com/science/article/pii/S0921510714003018,http://www.sciencedirect.com/science/journal/09215107/195
One-step synthesis of ZnO decorated CNT buckypaper composites and their optical and electrical properties,http://www.sciencedirect.com/science/article/pii/S0921510715000318,http://www.sciencedirect.com/science/journal/09215107/195
Thermoelectric properties of Sb-doped Mg2(Si0.95Ge0.05) synthesized by spark plasma sintering,http://www.sciencedirect.com/science/article/pii/S0921510715000306,http://www.sciencedirect.com/science/journal/09215107/195
Mechanical properties and corrosion resistance of hot extruded Mg–2.5Zn–1Ca alloy,http://www.sciencedirect.com/science/article/pii/S0921510715000355,http://www.sciencedirect.com/science/journal/09215107/195
Aluminum as catalyst for ZnO nanostructures growth,http://www.sciencedirect.com/science/article/pii/S0921510715000574,http://www.sciencedirect.com/science/journal/09215107/195
On preparation of nanocrystalline chromites by co-precipitation and autocombustion methods,http://www.sciencedirect.com/science/article/pii/S0921510715000598,http://www.sciencedirect.com/science/journal/09215107/195
Electrical properties of biodegradable poly(ɛ-caprolactone): lithium thiocyanate complexed polymer electrolyte films,http://www.sciencedirect.com/science/article/pii/S0921510715000586,http://www.sciencedirect.com/science/journal/09215107/195
Enhanced optical and electrical properties of Ni inserted ITO/Ni/AZO tri-layer structure for photoelectric applications,http://www.sciencedirect.com/science/article/pii/S0921510715000628,http://www.sciencedirect.com/science/journal/09215107/195
Facile synthesis of silver nanoparticles and their application in dye degradation,http://www.sciencedirect.com/science/article/pii/S092151071500063X,http://www.sciencedirect.com/science/journal/09215107/195
Inside front cover,http://www.sciencedirect.com/science/article/pii/S0921510715000203,http://www.sciencedirect.com/science/journal/09215107/194
Synthesis of SnO2-activated carbon fiber hybrid catalyst for the removal of methyl violet from water,http://www.sciencedirect.com/science/article/pii/S0921510714002736,http://www.sciencedirect.com/science/journal/09215107/194
Preparation and photocatalytic activity of ZnO/Fe2O3 nanotube composites,http://www.sciencedirect.com/science/article/pii/S0921510714002876,http://www.sciencedirect.com/science/journal/09215107/194
Synthesis and thermionic properties of tungsten–barium titanate composites,http://www.sciencedirect.com/science/article/pii/S0921510714002864,http://www.sciencedirect.com/science/journal/09215107/194
Structural and optical properties of Er 3+ doped SiO2–Al2O3–GeO2 compounds prepared by a simple route,http://www.sciencedirect.com/science/article/pii/S0921510714003006,http://www.sciencedirect.com/science/journal/09215107/194
"Photothermal, photoconductive and nonlinear optical effects induced by nanosecond pulse irradiation in multi-wall carbon nanotubes",http://www.sciencedirect.com/science/article/pii/S0921510714002992,http://www.sciencedirect.com/science/journal/09215107/194
In situ patterning of hierarchical nanoporous gold structures by in-plane dealloying,http://www.sciencedirect.com/science/article/pii/S0921510714002827,http://www.sciencedirect.com/science/journal/09215107/194
Rapid synthesis of graphene/amorphous α-MnO2 composite with enhanced electrochemical performance for electrochemical capacitor,http://www.sciencedirect.com/science/article/pii/S0921510714003067,http://www.sciencedirect.com/science/journal/09215107/194
Bipolar resistive switching and charge transport in silicon oxide memristor,http://www.sciencedirect.com/science/article/pii/S0921510714003079,http://www.sciencedirect.com/science/journal/09215107/194
First-principles study on band structure and transport property of GaP nanoribbon,http://www.sciencedirect.com/science/article/pii/S0921510714003055,http://www.sciencedirect.com/science/journal/09215107/194
3D hierarchical porous graphene aerogels for highly improved adsorption and recycled capacity,http://www.sciencedirect.com/science/article/pii/S0921510714003043,http://www.sciencedirect.com/science/journal/09215107/194
Synthesis and characterization of CNTs using polypropylene waste as precursor,http://www.sciencedirect.com/science/article/pii/S092151071500015X,http://www.sciencedirect.com/science/journal/09215107/194
Electroplated contacts and porous silicon for silicon based solar cells applications,http://www.sciencedirect.com/science/article/pii/S0921510715000136,http://www.sciencedirect.com/science/journal/09215107/194
Effect of V2O5 on microwave dielectric properties of non-stoichiometric MgTiO3 ceramics,http://www.sciencedirect.com/science/article/pii/S0921510715000148,http://www.sciencedirect.com/science/journal/09215107/194
The ethylene glycol template assisted hydrothermal synthesis of Co3O4 nanowires; structural characterization and their application as glucose non-enzymatic sensor,http://www.sciencedirect.com/science/article/pii/S0921510715000021,http://www.sciencedirect.com/science/journal/09215107/194
Inside front cover,http://www.sciencedirect.com/science/article/pii/S0921510715000045,http://www.sciencedirect.com/science/journal/09215107/193
White light emission from quantum well structured quantum dots,http://www.sciencedirect.com/science/article/pii/S0921510714002384,http://www.sciencedirect.com/science/journal/09215107/193
Tuning the diurnal natural daylight with phosphor converted white LED – Advent of new phosphor blend composition,http://www.sciencedirect.com/science/article/pii/S0921510714002414,http://www.sciencedirect.com/science/journal/09215107/193
Electrical and structural properties of Mg-doped InxGa1−xN (x ≤ 0.1) and p-InGaN/n-GaN junction diode made all by RF reactive sputtering,http://www.sciencedirect.com/science/article/pii/S0921510714002451,http://www.sciencedirect.com/science/journal/09215107/193
Sintered pellets: A simple and cost effective method to predict the performance of GGAG:Ce single crystals,http://www.sciencedirect.com/science/article/pii/S0921510714002463,http://www.sciencedirect.com/science/journal/09215107/193
"Fluorescence and energy transfer in CaMgP2O7:Ce 3+ , Tb 3+ phosphor",http://www.sciencedirect.com/science/article/pii/S0921510714002372,http://www.sciencedirect.com/science/journal/09215107/193
Fabrication nanopowders by high-energy ball-milling and low temperature sintering Li2TiO3 microwave dielectrics,http://www.sciencedirect.com/science/article/pii/S092151071400244X,http://www.sciencedirect.com/science/journal/09215107/193
An economic route to mass production of graphene oxide solution for preparing graphene oxide papers,http://www.sciencedirect.com/science/article/pii/S0921510714002475,http://www.sciencedirect.com/science/journal/09215107/193
Growth of ZnO nanowire arrays directly onto Si via substrate topographical adjustments using both wet chemical and dry etching methods,http://www.sciencedirect.com/science/article/pii/S0921510714002487,http://www.sciencedirect.com/science/journal/09215107/193
Characterisation of reduced graphene oxide: Effects of reduction variables on electrical conductivity,http://www.sciencedirect.com/science/article/pii/S0921510714002426,http://www.sciencedirect.com/science/journal/09215107/193
The comparison of electrical characteristics of Au/n-InP/In and Au/In2S3/n-InP/In junctions at room temperature,http://www.sciencedirect.com/science/article/pii/S0921510714002438,http://www.sciencedirect.com/science/journal/09215107/193
"Investigation of high spin-polarization, magnetic, electronic and half-metallic properties in RuMn2Ge and RuMn2Sb Heusler alloys",http://www.sciencedirect.com/science/article/pii/S0921510714002608,http://www.sciencedirect.com/science/journal/09215107/193
"Electrical and magnetic properties, and FLAPW electronic band structure of magnetostrictive compounds",http://www.sciencedirect.com/science/article/pii/S0921510714002645,http://www.sciencedirect.com/science/journal/09215107/193
Microstructural aspects of manganese metal during its electrodeposition from sulphate solutions in the presence of quaternary amines,http://www.sciencedirect.com/science/article/pii/S0921510714002669,http://www.sciencedirect.com/science/journal/09215107/193
Preparation and properties of yttria doped tetragonal zirconia polycrystal/Sr-doped barium hexaferrite ceramic composites,http://www.sciencedirect.com/science/article/pii/S092151071400261X,http://www.sciencedirect.com/science/journal/09215107/193
Gas sensing properties of graphene–WO3 composites prepared by hydrothermal method,http://www.sciencedirect.com/science/article/pii/S0921510714002621,http://www.sciencedirect.com/science/journal/09215107/193
The role of inversion domain boundaries in fabricating crack-free GaN films on sapphire substrates by hydride vapor phase epitaxy,http://www.sciencedirect.com/science/article/pii/S0921510714002633,http://www.sciencedirect.com/science/journal/09215107/193
Facile synthesis of flower-like BiOI hierarchical spheres at room temperature with high visible-light photocatalytic activity,http://www.sciencedirect.com/science/article/pii/S0921510714002797,http://www.sciencedirect.com/science/journal/09215107/193
Magnetostriction of heavily deformed Fe–Co binary alloys prepared by forging and cold rolling,http://www.sciencedirect.com/science/article/pii/S092151071400275X,http://www.sciencedirect.com/science/journal/09215107/193
Development of mats composed by TiO2 and carbon dual electrospun nanofibers: A possible anode material in microbial fuel cells,http://www.sciencedirect.com/science/article/pii/S0921510714002694,http://www.sciencedirect.com/science/journal/09215107/193
"Synthesis, characterization and optimization of photocatalytic activity of TiO2/ZrO2 nanocomposite heterostructures",http://www.sciencedirect.com/science/article/pii/S0921510714002712,http://www.sciencedirect.com/science/journal/09215107/193
Machinability and scratch wear resistance of carbon-coated WC inserts,http://www.sciencedirect.com/science/article/pii/S0921510714002724,http://www.sciencedirect.com/science/journal/09215107/193
Electromagnetic and microwave absorption properties of single-walled carbon nanotubes and CoFe2O4 nanocomposites,http://www.sciencedirect.com/science/article/pii/S0921510714002748,http://www.sciencedirect.com/science/journal/09215107/193
Relation of lifetime to surface passivation for atomic-layer-deposited Al2O3 on crystalline silicon solar cell,http://www.sciencedirect.com/science/article/pii/S0921510714002700,http://www.sciencedirect.com/science/journal/09215107/193
"Synthesis, luminescence and micro-Raman study of In2Ge2O7 nanobelts and nanowires",http://www.sciencedirect.com/science/article/pii/S0921510714002815,http://www.sciencedirect.com/science/journal/09215107/193
An investigation on phase transition behaviors in MgO-doped Pb0.99(Zr0.95Ti0.05)0.98Nb0.02O3 ferroelectric ceramics by Raman and dielectric measurements,http://www.sciencedirect.com/science/article/pii/S0921510714002761,http://www.sciencedirect.com/science/journal/09215107/193
Green synthesis of Co3O4 nanoparticles and their applications in thermal decomposition of ammonium perchlorate and dye-sensitized solar cells,http://www.sciencedirect.com/science/article/pii/S0921510714002785,http://www.sciencedirect.com/science/journal/09215107/193
Controllable crystallization of Ge2Sb2Te5 phase-change memory thin films driven by multiple femtosecond laser pulses,http://www.sciencedirect.com/science/article/pii/S0921510714002839,http://www.sciencedirect.com/science/journal/09215107/193
Facile synthesis and enhanced visible-light photocatalytic activity of micro/nanostructured Ag2ZnGeO4 hollow spheres,http://www.sciencedirect.com/science/article/pii/S0921510714002803,http://www.sciencedirect.com/science/journal/09215107/193
Formation and characterization of silver nanoparticles embedded in optical transparent materials for plasmonic sensor surfaces,http://www.sciencedirect.com/science/article/pii/S0921510714002670,http://www.sciencedirect.com/science/journal/09215107/193
Synthesis and characterization of robust magnetic carriers for bioprocess applications,http://www.sciencedirect.com/science/article/pii/S0921510714002682,http://www.sciencedirect.com/science/journal/09215107/193
Mechanochemical synthesis of TiO2/NiFe2O4 magnetic catalysts for operation under RF field,http://www.sciencedirect.com/science/article/pii/S0921510714002773,http://www.sciencedirect.com/science/journal/09215107/193
Corrigendum to “Biomimetic nanocrystalline apatite coatings synthesized by Matrix Assisted Pulsed Laser Evaporation for medical applications” [Mater. Sci. Eng. B (2014) 56–63],http://www.sciencedirect.com/science/article/pii/S0921510714002360,http://www.sciencedirect.com/science/journal/09215107/193
Inside front cover,http://www.sciencedirect.com/science/article/pii/S092151071400289X,http://www.sciencedirect.com/science/journal/09215107/192
Preface,http://www.sciencedirect.com/science/article/pii/S0921510714002852,http://www.sciencedirect.com/science/journal/09215107/192
Electrical fatigue in functional materials,http://www.sciencedirect.com/science/article/pii/S0921510714002840,http://www.sciencedirect.com/science/journal/09215107/192
"Fundamental degradation mechanisms of layered oxide Li-ion battery cathode materials: Methodology, insights and novel approaches",http://www.sciencedirect.com/science/article/pii/S0921510714002657,http://www.sciencedirect.com/science/journal/09215107/192
Study of electrical fatigue by defect engineering in organic light-emitting diodes,http://www.sciencedirect.com/science/article/pii/S0921510714002396,http://www.sciencedirect.com/science/journal/09215107/192
Mechanisms of aging and fatigue in ferroelectrics,http://www.sciencedirect.com/science/article/pii/S0921510714002189,http://www.sciencedirect.com/science/journal/09215107/192
Inside front cover,http://www.sciencedirect.com/science/article/pii/S0921510714002505,http://www.sciencedirect.com/science/journal/09215107/191
Quenching and blue shift of UV emission intensity of hydrothermally grown ZnO:Mn nanorods,http://www.sciencedirect.com/science/article/pii/S0921510714002190,http://www.sciencedirect.com/science/journal/09215107/191
Room temperature growth of high crystalline quality Cu3N thin films by modified activated reactive evaporation,http://www.sciencedirect.com/science/article/pii/S0921510714002177,http://www.sciencedirect.com/science/journal/09215107/191
Microwave dielectric properties of 0.2SrTiO3-0.8Ca0.61Nd0.26Ti1−xAl4x/3O3 ceramics,http://www.sciencedirect.com/science/article/pii/S0921510714002207,http://www.sciencedirect.com/science/journal/09215107/191
Combustion synthesis and photoluminescence properties of a novel blue-green-emitting Er 3+ and Li + co-doped LaNbTiO6,http://www.sciencedirect.com/science/article/pii/S0921510714002311,http://www.sciencedirect.com/science/journal/09215107/191
Effect of exposure time on the growth of self-supporting ZnO nanowire arrays and their photocatalytic behavior,http://www.sciencedirect.com/science/article/pii/S0921510714002335,http://www.sciencedirect.com/science/journal/09215107/191
Synthesis and thermal stability of two-dimensional carbide MXene Ti3C2,http://www.sciencedirect.com/science/article/pii/S0921510714002347,http://www.sciencedirect.com/science/journal/09215107/191
Fabrication of spray-printed organic non-volatile memory devices for low cost electronic applications,http://www.sciencedirect.com/science/article/pii/S0921510714002359,http://www.sciencedirect.com/science/journal/09215107/191
Effects of annealing temperature on the structure and electrical properties of tungsten contacts to n-type silicon carbide,http://www.sciencedirect.com/science/article/pii/S0921510714002402,http://www.sciencedirect.com/science/journal/09215107/191
A highly selective and wide range ammonia sensor—Nanostructured ZnO:Co thin film,http://www.sciencedirect.com/science/article/pii/S0921510714002323,http://www.sciencedirect.com/science/journal/09215107/191
