url/_source,url/_text,url,pageUrl
/doi/full/10.1080/1057610X.2014.931224,Northern Ireland: 20 Years After the Cease-Fires,http://www.tandfonline.com/doi/full/10.1080/1057610X.2014.931224,http://www.tandfonline.com/action/doSearch?SeriesKey=uter20&content=standard&countTerms=true&dateRange=%5B20140101+TO+*%7D&target=default&startPage=&sortBy=&pageSize=50
/doi/full/10.1080/1057610X.2014.931213,Navigating Risk: Understanding the Impact of the Conflict on Children and Young People in Northern Ireland,http://www.tandfonline.com/doi/full/10.1080/1057610X.2014.931213,http://www.tandfonline.com/action/doSearch?SeriesKey=uter20&content=standard&countTerms=true&dateRange=%5B20140101+TO+*%7D&target=default&startPage=&sortBy=&pageSize=50
/doi/full/10.1080/1057610X.2014.931212,"Under Which Constitutional Arrangement Would You Still Prefer to be Unemployed? Neoliberalism, the Peace Process, and the Politics of Class in Northern Ireland",http://www.tandfonline.com/doi/full/10.1080/1057610X.2014.931212,http://www.tandfonline.com/action/doSearch?SeriesKey=uter20&content=standard&countTerms=true&dateRange=%5B20140101+TO+*%7D&target=default&startPage=&sortBy=&pageSize=50
/doi/full/10.1080/1057610X.2014.931215,"Rejection, Shaming, Enclosure, and Moving On: Variant Experiences and Meaning Among Loyalist Former Prisoners",http://www.tandfonline.com/doi/full/10.1080/1057610X.2014.931215,http://www.tandfonline.com/action/doSearch?SeriesKey=uter20&content=standard&countTerms=true&dateRange=%5B20140101+TO+*%7D&target=default&startPage=&sortBy=&pageSize=50
/doi/full/10.1080/1057610X.2014.931210,Troubling Masculinities: Changing Patterns of Violent Masculinities in a Society Emerging from Political Conflict,http://www.tandfonline.com/doi/full/10.1080/1057610X.2014.931210,http://www.tandfonline.com/action/doSearch?SeriesKey=uter20&content=standard&countTerms=true&dateRange=%5B20140101+TO+*%7D&target=default&startPage=&sortBy=&pageSize=50
/doi/full/10.1080/1057610X.2014.931214,The Limits of Local Accommodation: Why Contentious Events Remain Prone to Conflict in Northern Ireland,http://www.tandfonline.com/doi/full/10.1080/1057610X.2014.931214,http://www.tandfonline.com/action/doSearch?SeriesKey=uter20&content=standard&countTerms=true&dateRange=%5B20140101+TO+*%7D&target=default&startPage=&sortBy=&pageSize=50
/doi/full/10.1080/1057610X.2014.931211,Endings and Beginnings? Republicanism Since 1994,http://www.tandfonline.com/doi/full/10.1080/1057610X.2014.931211,http://www.tandfonline.com/action/doSearch?SeriesKey=uter20&content=standard&countTerms=true&dateRange=%5B20140101+TO+*%7D&target=default&startPage=&sortBy=&pageSize=50
/doi/full/10.1080/1057610X.2014.931217,"Symmetrical Solutions, Asymmetrical Realities: Beyond the Politics of Paralysis?",http://www.tandfonline.com/doi/full/10.1080/1057610X.2014.931217,http://www.tandfonline.com/action/doSearch?SeriesKey=uter20&content=standard&countTerms=true&dateRange=%5B20140101+TO+*%7D&target=default&startPage=&sortBy=&pageSize=50
/doi/full/10.1080/1057610X.2014.931216,Northern Ireland: 20 Years On,http://www.tandfonline.com/doi/full/10.1080/1057610X.2014.931216,http://www.tandfonline.com/action/doSearch?SeriesKey=uter20&content=standard&countTerms=true&dateRange=%5B20140101+TO+*%7D&target=default&startPage=&sortBy=&pageSize=50
/doi/full/10.1080/1057610X.2014.853602,Peace at Daggers Drawn? Boko Haram and the State of Emergency in Nigeria,http://www.tandfonline.com/doi/full/10.1080/1057610X.2014.853602,http://www.tandfonline.com/action/doSearch?SeriesKey=uter20&content=standard&countTerms=true&dateRange=%5B20140101+TO+*%7D&target=default&startPage=&sortBy=&pageSize=50
/doi/full/10.1080/1057610X.2014.853605,The Challenges to Cooperation Posed by the Nexus of Terrorism and Organized Crime: Comparing the Situations Between the Andean and the Sahel Regions,http://www.tandfonline.com/doi/full/10.1080/1057610X.2014.853605,http://www.tandfonline.com/action/doSearch?SeriesKey=uter20&content=standard&countTerms=true&dateRange=%5B20140101+TO+*%7D&target=default&startPage=&sortBy=&pageSize=50
/doi/full/10.1080/1057610X.2014.853603,The Cyberterrorism Threat: Findings from a Survey of Researchers,http://www.tandfonline.com/doi/full/10.1080/1057610X.2014.853603,http://www.tandfonline.com/action/doSearch?SeriesKey=uter20&content=standard&countTerms=true&dateRange=%5B20140101+TO+*%7D&target=default&startPage=&sortBy=&pageSize=50
/doi/full/10.1080/1057610X.2014.853606,The Roles of Women in Contemporary Political and Revolutionary Conflict: A Thematic Model,http://www.tandfonline.com/doi/full/10.1080/1057610X.2014.853606,http://www.tandfonline.com/action/doSearch?SeriesKey=uter20&content=standard&countTerms=true&dateRange=%5B20140101+TO+*%7D&target=default&startPage=&sortBy=&pageSize=50
/doi/full/10.1080/1057610X.2014.853604,Forest Jihad: Assessing the Evidence for “Popular Resistance Terrorism”,http://www.tandfonline.com/doi/full/10.1080/1057610X.2014.853604,http://www.tandfonline.com/action/doSearch?SeriesKey=uter20&content=standard&countTerms=true&dateRange=%5B20140101+TO+*%7D&target=default&startPage=&sortBy=&pageSize=50
/doi/full/10.1080/1057610X.2014.862900,Live to Win Another Day: Why Many Militant Organizations Survive Yet Few Succeed,http://www.tandfonline.com/doi/full/10.1080/1057610X.2014.862900,http://www.tandfonline.com/action/doSearch?SeriesKey=uter20&content=standard&countTerms=true&dateRange=%5B20140101+TO+*%7D&target=default&startPage=&sortBy=&pageSize=50
/doi/full/10.1080/1057610X.2014.862904,"Civilian Defense Forces, State Capacity, and Government Victory in Counterinsurgency Wars",http://www.tandfonline.com/doi/full/10.1080/1057610X.2014.862904,http://www.tandfonline.com/action/doSearch?SeriesKey=uter20&content=standard&countTerms=true&dateRange=%5B20140101+TO+*%7D&target=default&startPage=&sortBy=&pageSize=50
/doi/full/10.1080/1057610X.2014.862901,A Political Sociology Approach to the Diffusion of Conflict from Chechnya to Dagestan and Ingushetia,http://www.tandfonline.com/doi/full/10.1080/1057610X.2014.862901,http://www.tandfonline.com/action/doSearch?SeriesKey=uter20&content=standard&countTerms=true&dateRange=%5B20140101+TO+*%7D&target=default&startPage=&sortBy=&pageSize=50
/doi/full/10.1080/1057610X.2014.862903,"Military Operations in Romanian Anti-Partisan Warfare, 1944–1958",http://www.tandfonline.com/doi/full/10.1080/1057610X.2014.862903,http://www.tandfonline.com/action/doSearch?SeriesKey=uter20&content=standard&countTerms=true&dateRange=%5B20140101+TO+*%7D&target=default&startPage=&sortBy=&pageSize=50
/doi/full/10.1080/1057610X.2014.862902,Radical Beliefs and Violent Actions Are Not Synonymous: How to Place the Key Disjuncture Between Attitudes and Behaviors at the Heart of Our Research into Political Violence,http://www.tandfonline.com/doi/full/10.1080/1057610X.2014.862902,http://www.tandfonline.com/action/doSearch?SeriesKey=uter20&content=standard&countTerms=true&dateRange=%5B20140101+TO+*%7D&target=default&startPage=&sortBy=&pageSize=50
/doi/full/10.1080/1057610X.2014.879380,Permissibility of Targeted Killing,http://www.tandfonline.com/doi/full/10.1080/1057610X.2014.879380,http://www.tandfonline.com/action/doSearch?SeriesKey=uter20&content=standard&countTerms=true&dateRange=%5B20140101+TO+*%7D&target=default&startPage=&sortBy=&pageSize=50
/doi/full/10.1080/1057610X.2014.879436,The Neglected Role of Charismatic Authority in the Study of Terrorist Groups and Radicalization,http://www.tandfonline.com/doi/full/10.1080/1057610X.2014.879436,http://www.tandfonline.com/action/doSearch?SeriesKey=uter20&content=standard&countTerms=true&dateRange=%5B20140101+TO+*%7D&target=default&startPage=&sortBy=&pageSize=50
/doi/full/10.1080/1057610X.2014.879381,Whom Do They Recruit?: Profiling and Recruitment in the PKK/KCK,http://www.tandfonline.com/doi/full/10.1080/1057610X.2014.879381,http://www.tandfonline.com/action/doSearch?SeriesKey=uter20&content=standard&countTerms=true&dateRange=%5B20140101+TO+*%7D&target=default&startPage=&sortBy=&pageSize=50
/doi/full/10.1080/1057610X.2014.879379,Moral Disengagement and Building Resilience to Violent Extremism: An Education Intervention,http://www.tandfonline.com/doi/full/10.1080/1057610X.2014.879379,http://www.tandfonline.com/action/doSearch?SeriesKey=uter20&content=standard&countTerms=true&dateRange=%5B20140101+TO+*%7D&target=default&startPage=&sortBy=&pageSize=50
/doi/full/10.1080/1057610X.2014.921769,"Mechanisms of Convergence in Domestic Counterterrorism Regulations: American Influence, Domestic Needs, and International Networks",http://www.tandfonline.com/doi/full/10.1080/1057610X.2014.921769,http://www.tandfonline.com/action/doSearch?SeriesKey=uter20&content=standard&countTerms=true&dateRange=%5B20140101+TO+*%7D&target=default&startPage=&sortBy=&pageSize=50
/doi/full/10.1080/1057610X.2014.921765,Comparative Islamist Perspectives on the Politics of Energy in the Middle East and Beyond,http://www.tandfonline.com/doi/full/10.1080/1057610X.2014.921765,http://www.tandfonline.com/action/doSearch?SeriesKey=uter20&content=standard&countTerms=true&dateRange=%5B20140101+TO+*%7D&target=default&startPage=&sortBy=&pageSize=50
/doi/full/10.1080/1057610X.2014.921767,Contextualizing Radicalization: The Emergence of the “Sauerland-Group” from Radical Networks and the Salafist Movement,http://www.tandfonline.com/doi/full/10.1080/1057610X.2014.921767,http://www.tandfonline.com/action/doSearch?SeriesKey=uter20&content=standard&countTerms=true&dateRange=%5B20140101+TO+*%7D&target=default&startPage=&sortBy=&pageSize=50
/doi/full/10.1080/1057610X.2014.921770,The Evolution of the Structure of Jihadist Terrorism in Western Europe: The Case of Spain,http://www.tandfonline.com/doi/full/10.1080/1057610X.2014.921770,http://www.tandfonline.com/action/doSearch?SeriesKey=uter20&content=standard&countTerms=true&dateRange=%5B20140101+TO+*%7D&target=default&startPage=&sortBy=&pageSize=50
/doi/full/10.1080/1057610X.2014.921768,The Effect of Female Suicide Attacks on Foreign Media Framing of Conflicts: The Case of the Palestinian–Israeli Conflict,http://www.tandfonline.com/doi/full/10.1080/1057610X.2014.921768,http://www.tandfonline.com/action/doSearch?SeriesKey=uter20&content=standard&countTerms=true&dateRange=%5B20140101+TO+*%7D&target=default&startPage=&sortBy=&pageSize=50
/doi/full/10.1080/1057610X.2014.952260,Peacekeepers Fighting a Counterinsurgency Campaign: A Net Assessment of the African Union Mission in Somalia,http://www.tandfonline.com/doi/full/10.1080/1057610X.2014.952260,http://www.tandfonline.com/action/doSearch?SeriesKey=uter20&content=standard&countTerms=true&dateRange=%5B20140101+TO+*%7D&target=default&startPage=&sortBy=&pageSize=50
/doi/full/10.1080/1057610X.2014.952511,Political Socialization and Terrorist Radicalization Among Individuals Who Joined al-Shabaab in Kenya,http://www.tandfonline.com/doi/full/10.1080/1057610X.2014.952511,http://www.tandfonline.com/action/doSearch?SeriesKey=uter20&content=standard&countTerms=true&dateRange=%5B20140101+TO+*%7D&target=default&startPage=&sortBy=&pageSize=50
/doi/full/10.1080/1057610X.2014.952261,Explaining Lone Wolf Target Selection in the United States,http://www.tandfonline.com/doi/full/10.1080/1057610X.2014.952261,http://www.tandfonline.com/action/doSearch?SeriesKey=uter20&content=standard&countTerms=true&dateRange=%5B20140101+TO+*%7D&target=default&startPage=&sortBy=&pageSize=50
/doi/full/10.1080/1057610X.2014.952262,The Enemy of My Enemy is My Friend  …  The Dynamics of Self-Defense Forces in Irregular War: The Case of the Sons of Iraq,http://www.tandfonline.com/doi/full/10.1080/1057610X.2014.952262,http://www.tandfonline.com/action/doSearch?SeriesKey=uter20&content=standard&countTerms=true&dateRange=%5B20140101+TO+*%7D&target=default&startPage=&sortBy=&pageSize=50
/doi/full/10.1080/1057610X.2014.903452,The Polarization Trap,http://www.tandfonline.com/doi/full/10.1080/1057610X.2014.903452,http://www.tandfonline.com/action/doSearch?SeriesKey=uter20&content=standard&countTerms=true&dateRange=%5B20140101+TO+*%7D&target=default&startPage=&sortBy=&pageSize=50
/doi/full/10.1080/1057610X.2014.903374,Sectarian Violence and Social Group Identity in Pakistan,http://www.tandfonline.com/doi/full/10.1080/1057610X.2014.903374,http://www.tandfonline.com/action/doSearch?SeriesKey=uter20&content=standard&countTerms=true&dateRange=%5B20140101+TO+*%7D&target=default&startPage=&sortBy=&pageSize=50
/doi/full/10.1080/1057610X.2014.903451,Repression and the Spread of Ethnic Conflict in Kurdistan,http://www.tandfonline.com/doi/full/10.1080/1057610X.2014.903451,http://www.tandfonline.com/action/doSearch?SeriesKey=uter20&content=standard&countTerms=true&dateRange=%5B20140101+TO+*%7D&target=default&startPage=&sortBy=&pageSize=50
/doi/full/10.1080/1057610X.2014.893406,Jihadist Radicalization in East Africa: Two Case Studies,http://www.tandfonline.com/doi/full/10.1080/1057610X.2014.893406,http://www.tandfonline.com/action/doSearch?SeriesKey=uter20&content=standard&countTerms=true&dateRange=%5B20140101+TO+*%7D&target=default&startPage=&sortBy=&pageSize=50
/doi/full/10.1080/1057610X.2014.962899,Editorial Board EOV,http://www.tandfonline.com/doi/full/10.1080/1057610X.2014.962899,http://www.tandfonline.com/action/doSearch?SeriesKey=uter20&content=standard&countTerms=true&dateRange=%5B20140101+TO+*%7D&target=default&startPage=&sortBy=&pageSize=50
/doi/full/10.1080/1057610X.2014.962439,Why and How Civil Defense Militias Emerge: The Case of the Arrow Boys in South Sudan,http://www.tandfonline.com/doi/full/10.1080/1057610X.2014.962439,http://www.tandfonline.com/action/doSearch?SeriesKey=uter20&content=standard&countTerms=true&dateRange=%5B20140101+TO+*%7D&target=default&startPage=&sortBy=&pageSize=50
/doi/full/10.1080/1057610X.2014.962441,The Radical Milieu: Conceptualizing the Supportive Social Environment of Terrorist Groups,http://www.tandfonline.com/doi/full/10.1080/1057610X.2014.962441,http://www.tandfonline.com/action/doSearch?SeriesKey=uter20&content=standard&countTerms=true&dateRange=%5B20140101+TO+*%7D&target=default&startPage=&sortBy=&pageSize=50
/doi/full/10.1080/1057610X.2014.962438,Anti-Social Capital in Former Members of Non-State Armed Groups: A Case Study of Colombia,http://www.tandfonline.com/doi/full/10.1080/1057610X.2014.962438,http://www.tandfonline.com/action/doSearch?SeriesKey=uter20&content=standard&countTerms=true&dateRange=%5B20140101+TO+*%7D&target=default&startPage=&sortBy=&pageSize=50
/doi/full/10.1080/1057610X.2014.962440,"Fighting Transnational Insurgents: The South African Defence Force in Namibia, 1966–1989",http://www.tandfonline.com/doi/full/10.1080/1057610X.2014.962440,http://www.tandfonline.com/action/doSearch?SeriesKey=uter20&content=standard&countTerms=true&dateRange=%5B20140101+TO+*%7D&target=default&startPage=&sortBy=&pageSize=50
/doi/full/10.1080/1057610X.2014.893403,"Revisiting Urban Guerrillas: Armed Propaganda and the Insurgency of Uruguay's MLN-Tupamaros, 1969–70",http://www.tandfonline.com/doi/full/10.1080/1057610X.2014.893403,http://www.tandfonline.com/action/doSearch?SeriesKey=uter20&content=standard&countTerms=true&dateRange=%5B20140101+TO+*%7D&target=default&startPage=&sortBy=&pageSize=50
/doi/full/10.1080/1057610X.2014.893404,"The European Communities’ Pyrrhic Victory: European Integration, Terrorism, and the Dublin Agreement of 1979",http://www.tandfonline.com/doi/full/10.1080/1057610X.2014.893404,http://www.tandfonline.com/action/doSearch?SeriesKey=uter20&content=standard&countTerms=true&dateRange=%5B20140101+TO+*%7D&target=default&startPage=&sortBy=&pageSize=50
/doi/full/10.1080/1057610X.2014.893405,Toward an Increasingly Heterogeneous Threat: A Chronology of Jihadist Terrorism in Europe 2008–2013,http://www.tandfonline.com/doi/full/10.1080/1057610X.2014.893405,http://www.tandfonline.com/action/doSearch?SeriesKey=uter20&content=standard&countTerms=true&dateRange=%5B20140101+TO+*%7D&target=default&startPage=&sortBy=&pageSize=50
/doi/full/10.1080/1057610X.2014.893480,Lying About Terrorism,http://www.tandfonline.com/doi/full/10.1080/1057610X.2014.893480,http://www.tandfonline.com/action/doSearch?SeriesKey=uter20&content=standard&countTerms=true&dateRange=%5B20140101+TO+*%7D&target=default&startPage=&sortBy=&pageSize=50
/doi/full/10.1080/1057610X.2014.941435,"Hybrid Actors, Tactical Variety: Rethinking Asymmetric and Hybrid War",http://www.tandfonline.com/doi/full/10.1080/1057610X.2014.941435,http://www.tandfonline.com/action/doSearch?SeriesKey=uter20&content=standard&countTerms=true&dateRange=%5B20140101+TO+*%7D&target=default&startPage=&sortBy=&pageSize=50
/doi/full/10.1080/1057610X.2014.941434,“From Terrorists to Peacekeepers”: The IRA's Disengagement and the Role of Community Networks,http://www.tandfonline.com/doi/full/10.1080/1057610X.2014.941434,http://www.tandfonline.com/action/doSearch?SeriesKey=uter20&content=standard&countTerms=true&dateRange=%5B20140101+TO+*%7D&target=default&startPage=&sortBy=&pageSize=50
/doi/full/10.1080/1057610X.2014.941436,Community Engagement for Counterterrorism in Britain: An Exploration of the Role of “Connectors” in Countering Takfiri Jihadist Terrorism,http://www.tandfonline.com/doi/full/10.1080/1057610X.2014.941436,http://www.tandfonline.com/action/doSearch?SeriesKey=uter20&content=standard&countTerms=true&dateRange=%5B20140101+TO+*%7D&target=default&startPage=&sortBy=&pageSize=50
/doi/full/10.1080/1057610X.2014.941437,Does Targeted Capture Reduce Terrorism?,http://www.tandfonline.com/doi/full/10.1080/1057610X.2014.941437,http://www.tandfonline.com/action/doSearch?SeriesKey=uter20&content=standard&countTerms=true&dateRange=%5B20140101+TO+*%7D&target=default&startPage=&sortBy=&pageSize=50
/doi/full/10.1080/1057610X.2014.872023,Conceptualizing Terrorism,http://www.tandfonline.com/doi/full/10.1080/1057610X.2014.872023,http://www.tandfonline.com/action/doSearch?SeriesKey=uter20&content=standard&countTerms=true&dateRange=%5B20140101+TO+*%7D&target=default&startPage=&sortBy=&pageSize=50
/doi/full/10.1080/1057610X.2014.872021,Assessing the Abu Sayyaf Group's Strategic and Learning Capacities,http://www.tandfonline.com/doi/full/10.1080/1057610X.2014.872021,http://www.tandfonline.com/action/doSearch?SeriesKey=uter20&content=standard&countTerms=true&dateRange=%5B20140101+TO+*%7D&target=default&sortBy=&pageSize=50&subjectTitle=&startPage=1
/doi/full/10.1080/1057610X.2014.872022,Organizational Versus Individual Attribution: A Case Study of Jemaah Islamiyah and the Anthrax Plot,http://www.tandfonline.com/doi/full/10.1080/1057610X.2014.872022,http://www.tandfonline.com/action/doSearch?SeriesKey=uter20&content=standard&countTerms=true&dateRange=%5B20140101+TO+*%7D&target=default&sortBy=&pageSize=50&subjectTitle=&startPage=1
/doi/full/10.1080/1057610X.2014.872024,Mass Casualty Potential of Qassam Rockets,http://www.tandfonline.com/doi/full/10.1080/1057610X.2014.872024,http://www.tandfonline.com/action/doSearch?SeriesKey=uter20&content=standard&countTerms=true&dateRange=%5B20140101+TO+*%7D&target=default&sortBy=&pageSize=50&subjectTitle=&startPage=1
/doi/full/10.1080/1057610X.2014.913120,Indian Jihadism: The Evolving Threat,http://www.tandfonline.com/doi/full/10.1080/1057610X.2014.913120,http://www.tandfonline.com/action/doSearch?SeriesKey=uter20&content=standard&countTerms=true&dateRange=%5B20140101+TO+*%7D&target=default&sortBy=&pageSize=50&subjectTitle=&startPage=1
/doi/full/10.1080/1057610X.2014.913121,“Ecoterrorism”: Terrorist Threat or Political Ploy?,http://www.tandfonline.com/doi/full/10.1080/1057610X.2014.913121,http://www.tandfonline.com/action/doSearch?SeriesKey=uter20&content=standard&countTerms=true&dateRange=%5B20140101+TO+*%7D&target=default&sortBy=&pageSize=50&subjectTitle=&startPage=1
/doi/full/10.1080/1057610X.2014.913118,It's Easier to Decapitate a Snake than It Is a Hydra: An Analysis of Colombia's Targeted Killing Program,http://www.tandfonline.com/doi/full/10.1080/1057610X.2014.913118,http://www.tandfonline.com/action/doSearch?SeriesKey=uter20&content=standard&countTerms=true&dateRange=%5B20140101+TO+*%7D&target=default&sortBy=&pageSize=50&subjectTitle=&startPage=1
/doi/full/10.1080/1057610X.2014.913122,Neo-Jihadist Prosumers and Al Qaeda Single Narrative: The Case Study of Giuliano Delnevo,http://www.tandfonline.com/doi/full/10.1080/1057610X.2014.913122,http://www.tandfonline.com/action/doSearch?SeriesKey=uter20&content=standard&countTerms=true&dateRange=%5B20140101+TO+*%7D&target=default&sortBy=&pageSize=50&subjectTitle=&startPage=1
/doi/full/10.1080/1057610X.2014.974400,"Trendsetters, Trend Followers, and Individual Players: Obtaining Global Counterterror Actor Types from Proscribed Terror Lists",http://www.tandfonline.com/doi/full/10.1080/1057610X.2014.974400,http://www.tandfonline.com/action/doSearch?SeriesKey=uter20&content=standard&countTerms=true&dateRange=%5B20140101+TO+*%7D&target=default&sortBy=&pageSize=50&subjectTitle=&startPage=1
/doi/full/10.1080/1057610X.2014.974408,"Counterterrorism as War: Identifying the Dangers, Risks, and Opportunity Costs of U.S. Strategy Toward Al Qaeda and Its Affiliates",http://www.tandfonline.com/doi/full/10.1080/1057610X.2014.974408,http://www.tandfonline.com/action/doSearch?SeriesKey=uter20&content=standard&countTerms=true&dateRange=%5B20140101+TO+*%7D&target=default&sortBy=&pageSize=50&subjectTitle=&startPage=1
/doi/full/10.1080/1057610X.2014.974948,Tweeting the Jihad: Social Media Networks of Western Foreign Fighters in Syria and Iraq,http://www.tandfonline.com/doi/full/10.1080/1057610X.2014.974948,http://www.tandfonline.com/action/doSearch?SeriesKey=uter20&content=standard&countTerms=true&dateRange=%5B20140101+TO+*%7D&target=default&sortBy=&pageSize=50&subjectTitle=&startPage=1
/doi/full/10.1080/1057610X.2014.976011,"Terrorism Research: Past, Present, and Future",http://www.tandfonline.com/doi/full/10.1080/1057610X.2014.976011,http://www.tandfonline.com/action/doSearch?SeriesKey=uter20&content=standard&countTerms=true&dateRange=%5B20140101+TO+*%7D&target=default&sortBy=&pageSize=50&subjectTitle=&startPage=1
/doi/full/10.1080/1057610X.2014.974405,A First Draft of the History of America's Ongoing Wars on Terrorism,http://www.tandfonline.com/doi/full/10.1080/1057610X.2014.974405,http://www.tandfonline.com/action/doSearch?SeriesKey=uter20&content=standard&countTerms=true&dateRange=%5B20140101+TO+*%7D&target=default&sortBy=&pageSize=50&subjectTitle=&startPage=1
/doi/full/10.1080/1057610X.2015.1006451,"German Leftist Terrorism and Israel: Ethno-Nationalist, Religious-Fundamentalist, or Social-Revolutionary?",http://www.tandfonline.com/doi/full/10.1080/1057610X.2015.1006451,http://www.tandfonline.com/action/doSearch?SeriesKey=uter20&content=standard&countTerms=true&dateRange=%5B20140101+TO+*%7D&target=default&sortBy=&pageSize=50&subjectTitle=&startPage=1
/doi/full/10.1080/1057610X.2015.1005462,Healing through Action? The Political Mobilization of Victims of Al Qaeda-Inspired Violence in Spain and the United Kingdom,http://www.tandfonline.com/doi/full/10.1080/1057610X.2015.1005462,http://www.tandfonline.com/action/doSearch?SeriesKey=uter20&content=standard&countTerms=true&dateRange=%5B20140101+TO+*%7D&target=default&sortBy=&pageSize=50&subjectTitle=&startPage=1
/doi/full/10.1080/1057610X.2015.1009798,Assessing the Attractiveness and Vulnerability of Eco-Terrorism Targets: A Situational Crime Prevention Approach,http://www.tandfonline.com/doi/full/10.1080/1057610X.2015.1009798,http://www.tandfonline.com/action/doSearch?SeriesKey=uter20&content=standard&countTerms=true&dateRange=%5B20140101+TO+*%7D&target=default&sortBy=&pageSize=50&subjectTitle=&startPage=1
/doi/full/10.1080/1057610X.2015.1004891,Radical Criminals in the Grey Area: A Comparative Study of Mexican Religious Drug Cartels and Australian Outlaw Motorcycle Gangs,http://www.tandfonline.com/doi/full/10.1080/1057610X.2015.1004891,http://www.tandfonline.com/action/doSearch?SeriesKey=uter20&content=standard&countTerms=true&dateRange=%5B20140101+TO+*%7D&target=default&sortBy=&pageSize=50&subjectTitle=&startPage=1
/doi/full/10.1080/1057610X.2015.1008341,"Lone Wolf Terrorist or Deranged Shooter? A Study of Ideological Active Shooter Events in the United States, 1970–2014",http://www.tandfonline.com/doi/full/10.1080/1057610X.2015.1008341,http://www.tandfonline.com/action/doSearch?SeriesKey=uter20&content=standard&countTerms=true&dateRange=%5B20140101+TO+*%7D&target=default&sortBy=&pageSize=50&subjectTitle=&startPage=1
/doi/full/10.1080/1057610X.2015.1059102,Preventing Political Violence in Britain: An Evaluation of over Forty Years of Undercover Policing of Political Groups Involved in Protest,http://www.tandfonline.com/doi/full/10.1080/1057610X.2015.1059102,http://www.tandfonline.com/action/doSearch?SeriesKey=uter20&content=standard&countTerms=true&dateRange=%5B20140101+TO+*%7D&target=default&sortBy=&pageSize=50&subjectTitle=&startPage=1
/doi/full/10.1080/1057610X.2015.1059103,How Armed Groups Fight: Territorial Control and Violent Tactics,http://www.tandfonline.com/doi/full/10.1080/1057610X.2015.1059103,http://www.tandfonline.com/action/doSearch?SeriesKey=uter20&content=standard&countTerms=true&dateRange=%5B20140101+TO+*%7D&target=default&sortBy=&pageSize=50&subjectTitle=&startPage=1
/doi/full/10.1080/1057610X.2015.1056631,"Why Do Some Insurgent Groups Agree to Cease-Fires While Others Do Not? A Within-Case Analysis of Burma/Myanmar, 1948–2011",http://www.tandfonline.com/doi/full/10.1080/1057610X.2015.1056631,http://www.tandfonline.com/action/doSearch?SeriesKey=uter20&content=standard&countTerms=true&dateRange=%5B20140101+TO+*%7D&target=default&sortBy=&pageSize=50&subjectTitle=&startPage=1
/doi/full/10.1080/1057610X.2015.1049855,The Ambiguous Host-Citizen Contract: An Evolving Notion of Duty in the U.S. Military Quest for Local Legitimacy,http://www.tandfonline.com/doi/full/10.1080/1057610X.2015.1049855,http://www.tandfonline.com/action/doSearch?SeriesKey=uter20&content=standard&countTerms=true&dateRange=%5B20140101+TO+*%7D&target=default&sortBy=&pageSize=50&subjectTitle=&startPage=1
/doi/full/10.1080/1057610X.2015.1046302,Countering the Islamic State: U.S. Counterterrorism Measures,http://www.tandfonline.com/doi/full/10.1080/1057610X.2015.1046302,http://www.tandfonline.com/action/doSearch?SeriesKey=uter20&content=standard&countTerms=true&dateRange=%5B20140101+TO+*%7D&target=default&sortBy=&pageSize=50&subjectTitle=&startPage=1
/doi/full/10.1080/1057610X.2014.977605,Disaggregating and Defeating Terrorist Safe Havens,http://www.tandfonline.com/doi/full/10.1080/1057610X.2014.977605,http://www.tandfonline.com/action/doSearch?SeriesKey=uter20&content=standard&countTerms=true&dateRange=%5B20140101+TO+*%7D&target=default&sortBy=&pageSize=50&subjectTitle=&startPage=1
/doi/full/10.1080/1057610X.2014.979605,The Impact of Jihadist Foreign Fighters on Indigenous Secular-Nationalist Causes: Contrasting Chechnya and Syria,http://www.tandfonline.com/doi/full/10.1080/1057610X.2014.979605,http://www.tandfonline.com/action/doSearch?SeriesKey=uter20&content=standard&countTerms=true&dateRange=%5B20140101+TO+*%7D&target=default&sortBy=&pageSize=50&subjectTitle=&startPage=1
/doi/full/10.1080/1057610X.2014.981103,Explaining Divergent Attitudes Toward Lethal Drone Strikes,http://www.tandfonline.com/doi/full/10.1080/1057610X.2014.981103,http://www.tandfonline.com/action/doSearch?SeriesKey=uter20&content=standard&countTerms=true&dateRange=%5B20140101+TO+*%7D&target=default&sortBy=&pageSize=50&subjectTitle=&startPage=1
/doi/full/10.1080/1057610X.2014.977000,Strategy in Counterinsurgency: A Distilled Approach,http://www.tandfonline.com/doi/full/10.1080/1057610X.2014.977000,http://www.tandfonline.com/action/doSearch?SeriesKey=uter20&content=standard&countTerms=true&dateRange=%5B20140101+TO+*%7D&target=default&sortBy=&pageSize=50&subjectTitle=&startPage=1
/doi/full/10.1080/1057610X.2015.1031556,The Homecomings: What Happens When Arab Foreign Fighters in Iraq and Syria Return?,http://www.tandfonline.com/doi/full/10.1080/1057610X.2015.1031556,http://www.tandfonline.com/action/doSearch?SeriesKey=uter20&content=standard&countTerms=true&dateRange=%5B20140101+TO+*%7D&target=default&sortBy=&pageSize=50&subjectTitle=&startPage=1
/doi/full/10.1080/1057610X.2015.1030190,Sponsoring Violence: A Typology of Constituent Support for Terrorist Organizations,http://www.tandfonline.com/doi/full/10.1080/1057610X.2015.1030190,http://www.tandfonline.com/action/doSearch?SeriesKey=uter20&content=standard&countTerms=true&dateRange=%5B20140101+TO+*%7D&target=default&sortBy=&pageSize=50&subjectTitle=&startPage=1
/doi/full/10.1080/1057610X.2015.1038105,Belgian and French Foreign Fighters in Iraq 2003–2005: A Comparative Case Study,http://www.tandfonline.com/doi/full/10.1080/1057610X.2015.1038105,http://www.tandfonline.com/action/doSearch?SeriesKey=uter20&content=standard&countTerms=true&dateRange=%5B20140101+TO+*%7D&target=default&sortBy=&pageSize=50&subjectTitle=&startPage=1
/doi/full/10.1080/1057610X.2015.1030194,"Service-Seeking Behavior, Perceptions of Armed Actors, and Preferences Regarding Governance: Evidence from the Palestinian Territories",http://www.tandfonline.com/doi/full/10.1080/1057610X.2015.1030194,http://www.tandfonline.com/action/doSearch?SeriesKey=uter20&content=standard&countTerms=true&dateRange=%5B20140101+TO+*%7D&target=default&sortBy=&pageSize=50&subjectTitle=&startPage=1
/doi/full/10.1080/1057610X.2015.1042267,Economic Factors for Piracy: The Effect of Commodity Price Shocks,http://www.tandfonline.com/doi/full/10.1080/1057610X.2015.1042267,http://www.tandfonline.com/action/doSearch?SeriesKey=uter20&content=standard&countTerms=true&dateRange=%5B20140101+TO+*%7D&target=default&sortBy=&pageSize=50&subjectTitle=&startPage=1
/doi/full/10.1080/1057610X.2015.1074814,Editorial Board EOV,http://www.tandfonline.com/doi/full/10.1080/1057610X.2015.1074814,http://www.tandfonline.com/action/doSearch?SeriesKey=uter20&content=standard&countTerms=true&dateRange=%5B20140101+TO+*%7D&target=default&sortBy=&pageSize=50&subjectTitle=&startPage=1
/doi/full/10.1080/1057610X.2015.1099991,CONTEST as Strategy: Reassessing Britain's Counterterrorism Approach,http://www.tandfonline.com/doi/full/10.1080/1057610X.2015.1099991,http://www.tandfonline.com/action/doSearch?SeriesKey=uter20&content=standard&countTerms=true&dateRange=%5B20140101+TO+*%7D&target=default&sortBy=&pageSize=50&subjectTitle=&startPage=1
/doi/full/10.1080/1057610X.2015.1076695,Endgame? Sports Events as Symbolic Targets in Lone Wolf Terrorism,http://www.tandfonline.com/doi/full/10.1080/1057610X.2015.1076695,http://www.tandfonline.com/action/doSearch?SeriesKey=uter20&content=standard&countTerms=true&dateRange=%5B20140101+TO+*%7D&target=default&sortBy=&pageSize=50&subjectTitle=&startPage=1
/doi/full/10.1080/1057610X.2015.1076277,Countering Jihadi Terrorists and Radicals the French Way,http://www.tandfonline.com/doi/full/10.1080/1057610X.2015.1076277,http://www.tandfonline.com/action/doSearch?SeriesKey=uter20&content=standard&countTerms=true&dateRange=%5B20140101+TO+*%7D&target=default&sortBy=&pageSize=50&subjectTitle=&startPage=1
/doi/full/10.1080/1057610X.2015.1076644,Rallying or Criticizing? Media Coverage of Authorities' Reaction to Terror Attacks Targeting Sporting Events,http://www.tandfonline.com/doi/full/10.1080/1057610X.2015.1076644,http://www.tandfonline.com/action/doSearch?SeriesKey=uter20&content=standard&countTerms=true&dateRange=%5B20140101+TO+*%7D&target=default&sortBy=&pageSize=50&subjectTitle=&startPage=1
/doi/full/10.1080/1057610X.2015.1107438,Corrigendum,http://www.tandfonline.com/doi/full/10.1080/1057610X.2015.1107438,http://www.tandfonline.com/action/doSearch?SeriesKey=uter20&content=standard&countTerms=true&dateRange=%5B20140101+TO+*%7D&target=default&sortBy=&pageSize=50&subjectTitle=&startPage=1
/doi/full/10.1080/1057610X.2015.1076640,"From Munich to Boston, and from Theater to Social Media: The Evolutionary Landscape of World Sporting Terror",http://www.tandfonline.com/doi/full/10.1080/1057610X.2015.1076640,http://www.tandfonline.com/action/doSearch?SeriesKey=uter20&content=standard&countTerms=true&dateRange=%5B20140101+TO+*%7D&target=default&sortBy=&pageSize=50&subjectTitle=&startPage=1
/doi/full/10.1080/1057610X.2015.1048100,Quantifying and Qualifying Charisma: A Theoretical Framework for Measuring the Presence of Charismatic Authority in Terrorist Groups,http://www.tandfonline.com/doi/full/10.1080/1057610X.2015.1048100,http://www.tandfonline.com/action/doSearch?SeriesKey=uter20&content=standard&countTerms=true&dateRange=%5B20140101+TO+*%7D&target=default&sortBy=&pageSize=50&subjectTitle=&startPage=1
/doi/full/10.1080/1057610X.2015.1039421,International Terrorism Potential in Southern Africa,http://www.tandfonline.com/doi/full/10.1080/1057610X.2015.1039421,http://www.tandfonline.com/action/doSearch?SeriesKey=uter20&content=standard&countTerms=true&dateRange=%5B20140101+TO+*%7D&target=default&sortBy=&pageSize=50&subjectTitle=&startPage=1
/doi/full/10.1080/1057610X.2015.1038107,“It's More Than Just a Name”: A Theoretical Approach to Eradicating Terrorism Through Propositions of Organizational Naming,http://www.tandfonline.com/doi/full/10.1080/1057610X.2015.1038107,http://www.tandfonline.com/action/doSearch?SeriesKey=uter20&content=standard&countTerms=true&dateRange=%5B20140101+TO+*%7D&target=default&sortBy=&pageSize=50&subjectTitle=&startPage=1
/doi/full/10.1080/1057610X.2015.1038106,The Influence of External and Internal Correlates on the Organizational Death of Domestic Far-Right Extremist Groups,http://www.tandfonline.com/doi/full/10.1080/1057610X.2015.1038106,http://www.tandfonline.com/action/doSearch?SeriesKey=uter20&content=standard&countTerms=true&dateRange=%5B20140101+TO+*%7D&target=default&sortBy=&pageSize=50&subjectTitle=&startPage=1
/doi/full/10.1080/1057610X.2015.1049052,"Microdisarmament and Compliance Costs: An Analysis of Disarmament, Demobilization, and Reintegration Programs",http://www.tandfonline.com/doi/full/10.1080/1057610X.2015.1049052,http://www.tandfonline.com/action/doSearch?SeriesKey=uter20&content=standard&countTerms=true&dateRange=%5B20140101+TO+*%7D&target=default&sortBy=&pageSize=50&subjectTitle=&startPage=1
/doi/full/10.1080/1057610X.2015.1013776,Striving in the Way of God: Justifying Jihad by Young Belgian and Dutch Muslims,http://www.tandfonline.com/doi/full/10.1080/1057610X.2015.1013776,http://www.tandfonline.com/action/doSearch?SeriesKey=uter20&content=standard&countTerms=true&dateRange=%5B20140101+TO+*%7D&target=default&sortBy=&pageSize=50&subjectTitle=&startPage=1
/doi/full/10.1080/1057610X.2015.1005459,Foreign Fighters and the Radicalization of Local Jihad: Interview Evidence from Swedish Jihadists,http://www.tandfonline.com/doi/full/10.1080/1057610X.2015.1005459,http://www.tandfonline.com/action/doSearch?SeriesKey=uter20&content=standard&countTerms=true&dateRange=%5B20140101+TO+*%7D&target=default&sortBy=&pageSize=50&subjectTitle=&startPage=1
/doi/full/10.1080/1057610X.2015.1009799,Swedish Counterterrorism Policy: An Intersection Between Prevention and Mitigation?,http://www.tandfonline.com/doi/full/10.1080/1057610X.2015.1009799,http://www.tandfonline.com/action/doSearch?SeriesKey=uter20&content=standard&countTerms=true&dateRange=%5B20140101+TO+*%7D&target=default&sortBy=&pageSize=50&subjectTitle=&startPage=1
/doi/full/10.1080/1057610X.2015.1018024,Semi-Proxy Wars and U.S. Counterterrorism Strategy,http://www.tandfonline.com/doi/full/10.1080/1057610X.2015.1018024,http://www.tandfonline.com/action/doSearch?SeriesKey=uter20&content=standard&countTerms=true&dateRange=%5B20140101+TO+*%7D&target=default&sortBy=&pageSize=50&subjectTitle=&startPage=1
/doi/full/10.1080/1057610X.2014.995988,The Convergence of Terrorism and Transnational Crime in Central Asia,http://www.tandfonline.com/doi/full/10.1080/1057610X.2014.995988,http://www.tandfonline.com/action/doSearch?SeriesKey=uter20&content=standard&countTerms=true&dateRange=%5B20140101+TO+*%7D&target=default&sortBy=&pageSize=50&subjectTitle=&startPage=1
/doi/full/10.1080/1057610X.2015.1022093,An Analysis of the Taliban in Khurasan's Azan (Issues 1–5),http://www.tandfonline.com/doi/full/10.1080/1057610X.2015.1022093,http://www.tandfonline.com/action/doSearch?SeriesKey=uter20&content=standard&countTerms=true&dateRange=%5B20140101+TO+*%7D&target=default&sortBy=&pageSize=50&subjectTitle=&startPage=1
/doi/full/10.1080/1057610X.2015.1025611,The Western Muhajirat of ISIS,http://www.tandfonline.com/doi/full/10.1080/1057610X.2015.1025611,http://www.tandfonline.com/action/doSearch?SeriesKey=uter20&content=standard&countTerms=true&dateRange=%5B20140101+TO+*%7D&target=default&sortBy=&pageSize=50&subjectTitle=&startPage=1
/doi/full/10.1080/1057610X.2015.1025609,"Counterterrorism, Community Policing and the Flags Protests: An Examination of Police Perceptions of Northern Ireland's Operation Dulcet",http://www.tandfonline.com/doi/full/10.1080/1057610X.2015.1025609,http://www.tandfonline.com/action/doSearch?SeriesKey=uter20&content=standard&countTerms=true&dateRange=%5B20140101+TO+*%7D&target=default&sortBy=&pageSize=50&subjectTitle=&startPage=2
/doi/full/10.1080/1057610X.2015.1022443,Religiosity and Rebellion in Nigeria: Considering Boko Haram in the Radical Tradition,http://www.tandfonline.com/doi/full/10.1080/1057610X.2015.1022443,http://www.tandfonline.com/action/doSearch?SeriesKey=uter20&content=standard&countTerms=true&dateRange=%5B20140101+TO+*%7D&target=default&sortBy=&pageSize=50&subjectTitle=&startPage=2
/doi/full/10.1080/1057610X.2015.1016312,Removing the Crutch: External Support and the Dynamics of Armed Conflict,http://www.tandfonline.com/doi/full/10.1080/1057610X.2015.1016312,http://www.tandfonline.com/action/doSearch?SeriesKey=uter20&content=standard&countTerms=true&dateRange=%5B20140101+TO+*%7D&target=default&sortBy=&pageSize=50&subjectTitle=&startPage=2
/doi/full/10.1080/1057610X.2015.1061296,"A review of ""Boko Haram: Islamism, Politics, Security and the State in Nigeria,"" edited by Marc-Antoine Pérouse de Montclos",http://www.tandfonline.com/doi/full/10.1080/1057610X.2015.1061296,http://www.tandfonline.com/action/doSearch?SeriesKey=uter20&content=standard&countTerms=true&dateRange=%5B20140101+TO+*%7D&target=default&sortBy=&pageSize=50&subjectTitle=&startPage=2
/doi/full/10.1080/1057610X.2015.1066214,"Ethnicity, Islam, and Pakistani Public Opinion toward the Pakistani Taliban",http://www.tandfonline.com/doi/full/10.1080/1057610X.2015.1066214,http://www.tandfonline.com/action/doSearch?SeriesKey=uter20&content=standard&countTerms=true&dateRange=%5B20140101+TO+*%7D&target=default&sortBy=&pageSize=50&subjectTitle=&startPage=2
/doi/full/10.1080/1057610X.2015.1063838,The Perils of Weak Organization: Explaining Loyalty and Defection of Militant Organizations Toward Pakistan,http://www.tandfonline.com/doi/full/10.1080/1057610X.2015.1063838,http://www.tandfonline.com/action/doSearch?SeriesKey=uter20&content=standard&countTerms=true&dateRange=%5B20140101+TO+*%7D&target=default&sortBy=&pageSize=50&subjectTitle=&startPage=2
/doi/full/10.1080/1057610X.2015.1051375,The Radicalization Puzzle: A Theoretical Synthesis of Empirical Approaches to Homegrown Extremism,http://www.tandfonline.com/doi/full/10.1080/1057610X.2015.1051375,http://www.tandfonline.com/action/doSearch?SeriesKey=uter20&content=standard&countTerms=true&dateRange=%5B20140101+TO+*%7D&target=default&sortBy=&pageSize=50&subjectTitle=&startPage=2
/doi/full/10.1080/1057610X.2015.1072390,The Lawfulness of U.S. Targeted Killing Operations Outside Afghanistan,http://www.tandfonline.com/doi/full/10.1080/1057610X.2015.1072390,http://www.tandfonline.com/action/doSearch?SeriesKey=uter20&content=standard&countTerms=true&dateRange=%5B20140101+TO+*%7D&target=default&sortBy=&pageSize=50&subjectTitle=&startPage=2
/doi/full/10.1080/1057610X.2014.994349,"Homegrown Terrorism in Canada: Local Patterns, Global Trends",http://www.tandfonline.com/doi/full/10.1080/1057610X.2014.994349,http://www.tandfonline.com/action/doSearch?SeriesKey=uter20&content=standard&countTerms=true&dateRange=%5B20140101+TO+*%7D&target=default&sortBy=&pageSize=50&subjectTitle=&startPage=2
/doi/full/10.1080/1057610X.2014.995565,Doing Well by Doing Good: Understanding Hamas's Social Services as Political Advertising,http://www.tandfonline.com/doi/full/10.1080/1057610X.2014.995565,http://www.tandfonline.com/action/doSearch?SeriesKey=uter20&content=standard&countTerms=true&dateRange=%5B20140101+TO+*%7D&target=default&sortBy=&pageSize=50&subjectTitle=&startPage=2
/doi/full/10.1080/1057610X.2014.997510,Social Identity Group and Human (In)Security: The Case of Islamic State in Iraq and the Levant (ISIL),http://www.tandfonline.com/doi/full/10.1080/1057610X.2014.997510,http://www.tandfonline.com/action/doSearch?SeriesKey=uter20&content=standard&countTerms=true&dateRange=%5B20140101+TO+*%7D&target=default&sortBy=&pageSize=50&subjectTitle=&startPage=2
/doi/full/10.1080/1057610X.2014.991165,T-Test for Terrorism: Did the Introduction of Proportional Representation Reduce the Terrorist Threat? A Time-Series Case Study of Algeria and Northern Ireland,http://www.tandfonline.com/doi/full/10.1080/1057610X.2014.991165,http://www.tandfonline.com/action/doSearch?SeriesKey=uter20&content=standard&countTerms=true&dateRange=%5B20140101+TO+*%7D&target=default&sortBy=&pageSize=50&subjectTitle=&startPage=2
/doi/full/10.1080/1057610X.2015.1004893,"“Special” Communiqué Issued by the Belgian Marxist Terrorist Group, “Communist Combatant Cells” (CCC)",http://www.tandfonline.com/doi/full/10.1080/1057610X.2015.1004893,http://www.tandfonline.com/action/doSearch?SeriesKey=uter20&content=standard&countTerms=true&dateRange=%5B20140101+TO+*%7D&target=default&sortBy=&pageSize=50&subjectTitle=&startPage=2
/doi/full/10.1080/1057610X.2014.987593,Are Terrorists Courageous? Micro-Sociology of Extreme Left Terrorism,http://www.tandfonline.com/doi/full/10.1080/1057610X.2014.987593,http://www.tandfonline.com/action/doSearch?SeriesKey=uter20&content=standard&countTerms=true&dateRange=%5B20140101+TO+*%7D&target=default&sortBy=&pageSize=50&subjectTitle=&startPage=2
/doi/full/10.1080/1057610X.2014.982384,Constructions of Effectiveness and the Rationalization of Counterterrorism Policy: The Case of Biometric Passports,http://www.tandfonline.com/doi/full/10.1080/1057610X.2014.982384,http://www.tandfonline.com/action/doSearch?SeriesKey=uter20&content=standard&countTerms=true&dateRange=%5B20140101+TO+*%7D&target=default&sortBy=&pageSize=50&subjectTitle=&startPage=2
/doi/full/10.1080/1057610X.2014.986979,Key Issues and Research Agendas in Lone Wolf Terrorism,http://www.tandfonline.com/doi/full/10.1080/1057610X.2014.986979,http://www.tandfonline.com/action/doSearch?SeriesKey=uter20&content=standard&countTerms=true&dateRange=%5B20140101+TO+*%7D&target=default&sortBy=&pageSize=50&subjectTitle=&startPage=2
/doi/full/10.1080/1057610X.2014.981989,Profile and Life Span of the PKK Guerillas,http://www.tandfonline.com/doi/full/10.1080/1057610X.2014.981989,http://www.tandfonline.com/action/doSearch?SeriesKey=uter20&content=standard&countTerms=true&dateRange=%5B20140101+TO+*%7D&target=default&sortBy=&pageSize=50&subjectTitle=&startPage=2
/doi/full/10.1080/1057610X.2016.1140998,Measurement Issues in the Study of Terrorism: Introducing the Special Issue,http://www.tandfonline.com/doi/full/10.1080/1057610X.2016.1140998,http://www.tandfonline.com/action/doSearch?SeriesKey=uter20&content=standard&countTerms=true&dateRange=%5B20140101+TO+*%7D&target=default&sortBy=&pageSize=50&subjectTitle=&startPage=2
/doi/full/10.1080/1057610X.2016.1141019,Terrorism in the News: The Efficiency and Impact of Sampling Methods on Data Collection and Content Analysis,http://www.tandfonline.com/doi/full/10.1080/1057610X.2016.1141019,http://www.tandfonline.com/action/doSearch?SeriesKey=uter20&content=standard&countTerms=true&dateRange=%5B20140101+TO+*%7D&target=default&sortBy=&pageSize=50&subjectTitle=&startPage=2
/doi/full/10.1080/1057610X.2016.1141005,Mapping the Minds of Suicide Bombers using Linguistic Methods: The Corpus of Palestinian Suicide Bombers' Farewell Letters (CoPSBFL),http://www.tandfonline.com/doi/full/10.1080/1057610X.2016.1141005,http://www.tandfonline.com/action/doSearch?SeriesKey=uter20&content=standard&countTerms=true&dateRange=%5B20140101+TO+*%7D&target=default&sortBy=&pageSize=50&subjectTitle=&startPage=2
/doi/full/10.1080/1057610X.2016.1141004,Peering through the Kaleidoscope: Variation and Validity in Data Collection on Terrorist Attacks,http://www.tandfonline.com/doi/full/10.1080/1057610X.2016.1141004,http://www.tandfonline.com/action/doSearch?SeriesKey=uter20&content=standard&countTerms=true&dateRange=%5B20140101+TO+*%7D&target=default&sortBy=&pageSize=50&subjectTitle=&startPage=2
/doi/full/10.1080/1057610X.2016.1142241,Studying Police Files with Grounded Theory Methods to Understand Jihadist Networks,http://www.tandfonline.com/doi/full/10.1080/1057610X.2016.1142241,http://www.tandfonline.com/action/doSearch?SeriesKey=uter20&content=standard&countTerms=true&dateRange=%5B20140101+TO+*%7D&target=default&sortBy=&pageSize=50&subjectTitle=&startPage=2
/doi/full/10.1080/1057610X.2016.1141012,Commitment to Extremist Ideology: Using Factor Analysis to Move beyond Binary Measures of Extremism,http://www.tandfonline.com/doi/full/10.1080/1057610X.2016.1141012,http://www.tandfonline.com/action/doSearch?SeriesKey=uter20&content=standard&countTerms=true&dateRange=%5B20140101+TO+*%7D&target=default&sortBy=&pageSize=50&subjectTitle=&startPage=2
/doi/full/10.1080/1057610X.2016.1141000,Speaking Truth to Sources: Introducing a Method for the Quantitative Evaluation of Open Sources in Event Data,http://www.tandfonline.com/doi/full/10.1080/1057610X.2016.1141000,http://www.tandfonline.com/action/doSearch?SeriesKey=uter20&content=standard&countTerms=true&dateRange=%5B20140101+TO+*%7D&target=default&sortBy=&pageSize=50&subjectTitle=&startPage=2
/doi/full/10.1080/1057610X.2016.1141003,Modeling Terrorist Attacks: Assessing Statistical Models to Evaluate Domestic and Ideologically International Attacks,http://www.tandfonline.com/doi/full/10.1080/1057610X.2016.1141003,http://www.tandfonline.com/action/doSearch?SeriesKey=uter20&content=standard&countTerms=true&dateRange=%5B20140101+TO+*%7D&target=default&sortBy=&pageSize=50&subjectTitle=&startPage=2
/doi/full/10.1080/1057610X.2016.1141009,Reporting Practices of Journal Articles that Include Interviews with Extremists,http://www.tandfonline.com/doi/full/10.1080/1057610X.2016.1141009,http://www.tandfonline.com/action/doSearch?SeriesKey=uter20&content=standard&countTerms=true&dateRange=%5B20140101+TO+*%7D&target=default&sortBy=&pageSize=50&subjectTitle=&startPage=2
/doi/full/10.1080/1057610X.2016.1117328,Building a New Utøya; Re-Placing the Oslo Bombsite—Counterfactual Resilience at Postterrorist Sites,http://www.tandfonline.com/doi/full/10.1080/1057610X.2016.1117328,http://www.tandfonline.com/action/doSearch?SeriesKey=uter20&content=standard&countTerms=true&dateRange=%5B20140101+TO+*%7D&target=default&sortBy=&pageSize=50&subjectTitle=&startPage=2
/doi/full/10.1080/1057610X.2016.1117330,Can Political Leaders Make a Difference? Norwegian versus Spanish Experiences in Responding to Terrorist Attacks,http://www.tandfonline.com/doi/full/10.1080/1057610X.2016.1117330,http://www.tandfonline.com/action/doSearch?SeriesKey=uter20&content=standard&countTerms=true&dateRange=%5B20140101+TO+*%7D&target=default&sortBy=&pageSize=50&subjectTitle=&startPage=2
/doi/full/10.1080/1057610X.2016.1117332,International Pressure to Perform: Counterterrorism Policy Development in Finland,http://www.tandfonline.com/doi/full/10.1080/1057610X.2016.1117332,http://www.tandfonline.com/action/doSearch?SeriesKey=uter20&content=standard&countTerms=true&dateRange=%5B20140101+TO+*%7D&target=default&sortBy=&pageSize=50&subjectTitle=&startPage=2
/doi/full/10.1080/1057610X.2016.1117326,Closure through Resilience: The Case of Prevent,http://www.tandfonline.com/doi/full/10.1080/1057610X.2016.1117326,http://www.tandfonline.com/action/doSearch?SeriesKey=uter20&content=standard&countTerms=true&dateRange=%5B20140101+TO+*%7D&target=default&sortBy=&pageSize=50&subjectTitle=&startPage=2
/doi/full/10.1080/1057610X.2016.1117334,Political Resilience and EU Responses to Aviation Terrorism,http://www.tandfonline.com/doi/full/10.1080/1057610X.2016.1117334,http://www.tandfonline.com/action/doSearch?SeriesKey=uter20&content=standard&countTerms=true&dateRange=%5B20140101+TO+*%7D&target=default&sortBy=&pageSize=50&subjectTitle=&startPage=2
/doi/full/10.1080/1057610X.2016.1117325,Political Resilience to Terrorism in Europe: Introduction to the Special Issue,http://www.tandfonline.com/doi/full/10.1080/1057610X.2016.1117325,http://www.tandfonline.com/action/doSearch?SeriesKey=uter20&content=standard&countTerms=true&dateRange=%5B20140101+TO+*%7D&target=default&sortBy=&pageSize=50&subjectTitle=&startPage=2
/doi/full/10.1080/1057610X.2015.1119544,Jihadist Highway to Jihadist Haven: Turkey's Jihadi Policies and Western Security,http://www.tandfonline.com/doi/full/10.1080/1057610X.2015.1119544,http://www.tandfonline.com/action/doSearch?SeriesKey=uter20&content=standard&countTerms=true&dateRange=%5B20140101+TO+*%7D&target=default&sortBy=&pageSize=50&subjectTitle=&startPage=2
/doi/full/10.1080/1057610X.2016.1139375,Uneasy Alliances: A Look at the Right-Wing Extremist Movement in Canada,http://www.tandfonline.com/doi/full/10.1080/1057610X.2016.1139375,http://www.tandfonline.com/action/doSearch?SeriesKey=uter20&content=standard&countTerms=true&dateRange=%5B20140101+TO+*%7D&target=default&sortBy=&pageSize=50&subjectTitle=&startPage=2
/doi/full/10.1080/1057610X.2016.1144917,The Role of Former Combatants in Preventing Youth Involvement in Terrorism in Northern Ireland: A Framework for Assessing Former Islamic State Combatants,http://www.tandfonline.com/doi/full/10.1080/1057610X.2016.1144917,http://www.tandfonline.com/action/doSearch?SeriesKey=uter20&content=standard&countTerms=true&dateRange=%5B20140101+TO+*%7D&target=default&sortBy=&pageSize=50&subjectTitle=&startPage=2
/doi/full/10.1080/1057610X.2015.1131030,"Party Structure, Information, and Coalition Durability: The Relevance of NATO in the Global War on Terror",http://www.tandfonline.com/doi/full/10.1080/1057610X.2015.1131030,http://www.tandfonline.com/action/doSearch?SeriesKey=uter20&content=standard&countTerms=true&dateRange=%5B20140101+TO+*%7D&target=default&sortBy=&pageSize=50&subjectTitle=&startPage=2
/doi/full/10.1080/1057610X.2015.1129820,Greece's Terrorism Problem: A Reassessment,http://www.tandfonline.com/doi/full/10.1080/1057610X.2015.1129820,http://www.tandfonline.com/action/doSearch?SeriesKey=uter20&content=standard&countTerms=true&dateRange=%5B20140101+TO+*%7D&target=default&sortBy=&pageSize=50&subjectTitle=&startPage=2
/doi/full/10.1080/1057610X.2015.1099996,A New Typology of Contemporary Armed Non-State-Actors: Interpreting The Diversity,http://www.tandfonline.com/doi/full/10.1080/1057610X.2015.1099996,http://www.tandfonline.com/action/doSearch?SeriesKey=uter20&content=standard&countTerms=true&dateRange=%5B20140101+TO+*%7D&target=default&sortBy=&pageSize=50&subjectTitle=&startPage=2
/doi/full/10.1080/1057610X.2015.1116277,Towards a Guide for Constructing and Disseminating Counternarratives to Reduce Support for Terrorism,http://www.tandfonline.com/doi/full/10.1080/1057610X.2015.1116277,http://www.tandfonline.com/action/doSearch?SeriesKey=uter20&content=standard&countTerms=true&dateRange=%5B20140101+TO+*%7D&target=default&sortBy=&pageSize=50&subjectTitle=&startPage=2
/doi/full/10.1080/1057610X.2015.1106762,The Antinomies of Population-Centric Warfare: Cultural Respect and the Treatment of Women and Children in U.S. Counterinsurgency Operations,http://www.tandfonline.com/doi/full/10.1080/1057610X.2015.1106762,http://www.tandfonline.com/action/doSearch?SeriesKey=uter20&content=standard&countTerms=true&dateRange=%5B20140101+TO+*%7D&target=default&sortBy=&pageSize=50&subjectTitle=&startPage=2
/doi/full/10.1080/1057610X.2015.1108087,Securing the Transatlantic Maritime Supply Chains from Counterterrorism: EU–U.S. Cooperation and the Emergence of a Transatlantic Customs Security Regime,http://www.tandfonline.com/doi/full/10.1080/1057610X.2015.1108087,http://www.tandfonline.com/action/doSearch?SeriesKey=uter20&content=standard&countTerms=true&dateRange=%5B20140101+TO+*%7D&target=default&sortBy=&pageSize=50&subjectTitle=&startPage=2
/doi/full/10.1080/1057610X.2016.1144946,A Response to “Key Issues and Research Agendas in Lone Wolf Terrorism”,http://www.tandfonline.com/doi/full/10.1080/1057610X.2016.1144946,http://www.tandfonline.com/action/doSearch?SeriesKey=uter20&content=standard&countTerms=true&dateRange=%5B20140101+TO+*%7D&target=default&sortBy=&pageSize=50&subjectTitle=&startPage=2
/doi/full/10.1080/1057610X.2015.1084802,The Rise of Dark Americana: Depicting the “War on Terror” On-Screen,http://www.tandfonline.com/doi/full/10.1080/1057610X.2015.1084802,http://www.tandfonline.com/action/doSearch?SeriesKey=uter20&content=standard&countTerms=true&dateRange=%5B20140101+TO+*%7D&target=default&sortBy=&pageSize=50&subjectTitle=&startPage=2
/doi/full/10.1080/1057610X.2015.1084161,Endgames: Improving Our Understanding of Homegrown Terrorism,http://www.tandfonline.com/doi/full/10.1080/1057610X.2015.1084161,http://www.tandfonline.com/action/doSearch?SeriesKey=uter20&content=standard&countTerms=true&dateRange=%5B20140101+TO+*%7D&target=default&sortBy=&pageSize=50&subjectTitle=&startPage=2
/doi/full/10.1080/1057610X.2015.1099995,Toward a Behavioral Model of “Homegrown” Radicalization Trajectories,http://www.tandfonline.com/doi/full/10.1080/1057610X.2015.1099995,http://www.tandfonline.com/action/doSearch?SeriesKey=uter20&content=standard&countTerms=true&dateRange=%5B20140101+TO+*%7D&target=default&sortBy=&pageSize=50&subjectTitle=&startPage=2
/doi/full/10.1080/1057610X.2015.1084162,Receptivity to Violence in Ethnically Divided Societies: A Micro-Level Mechanism of Perceived Horizontal Inequalities,http://www.tandfonline.com/doi/full/10.1080/1057610X.2015.1084162,http://www.tandfonline.com/action/doSearch?SeriesKey=uter20&content=standard&countTerms=true&dateRange=%5B20140101+TO+*%7D&target=default&sortBy=&pageSize=50&subjectTitle=&startPage=2
/doi/full/10.1080/1057610X.2015.1093889,Opening a Door for Return to Home: Impact and Effectiveness of Turkish Repentance Laws,http://www.tandfonline.com/doi/full/10.1080/1057610X.2015.1093889,http://www.tandfonline.com/action/doSearch?SeriesKey=uter20&content=standard&countTerms=true&dateRange=%5B20140101+TO+*%7D&target=default&sortBy=&pageSize=50&subjectTitle=&startPage=2
/doi/full/10.1080/1057610X.2015.1100010,The Islamic State: A Clash within the Muslim Civilization for the New Caliphate,http://www.tandfonline.com/doi/full/10.1080/1057610X.2015.1100010,http://www.tandfonline.com/action/doSearch?SeriesKey=uter20&content=standard&countTerms=true&dateRange=%5B20140101+TO+*%7D&target=default&sortBy=&pageSize=50&subjectTitle=&startPage=2
/doi/full/10.1080/1057610X.2015.1092842,Assessing the Terrorist Threat: Impact of the Group's Organizational Design?,http://www.tandfonline.com/doi/full/10.1080/1057610X.2015.1092842,http://www.tandfonline.com/action/doSearch?SeriesKey=uter20&content=standard&countTerms=true&dateRange=%5B20140101+TO+*%7D&target=default&sortBy=&pageSize=50&subjectTitle=&startPage=2
/doi/full/10.1080/1057610X.2015.1084165,"Terrorism, Civil Liberties, and Political Rights: A Cross-National Analysis",http://www.tandfonline.com/doi/full/10.1080/1057610X.2015.1084165,http://www.tandfonline.com/action/doSearch?SeriesKey=uter20&content=standard&countTerms=true&dateRange=%5B20140101+TO+*%7D&target=default&sortBy=&pageSize=50&subjectTitle=&startPage=2
/doi/full/10.1080/1057610X.2015.1099994,Hitting Them Where it Hurts: A Joint Interagency Network to Disrupt Terrorist Financing in West Africa,http://www.tandfonline.com/doi/full/10.1080/1057610X.2015.1099994,http://www.tandfonline.com/action/doSearch?SeriesKey=uter20&content=standard&countTerms=true&dateRange=%5B20140101+TO+*%7D&target=default&sortBy=&pageSize=50&subjectTitle=&startPage=3
/doi/full/10.1080/1057610X.2015.1104025,Pro-Government Militias and the Repertoires of Illicit State Violence,http://www.tandfonline.com/doi/full/10.1080/1057610X.2015.1104025,http://www.tandfonline.com/action/doSearch?SeriesKey=uter20&content=standard&countTerms=true&dateRange=%5B20140101+TO+*%7D&target=default&sortBy=&pageSize=50&subjectTitle=&startPage=3
/doi/full/10.1080/1057610X.2015.1108086,Intelligence and Its Critics,http://www.tandfonline.com/doi/full/10.1080/1057610X.2015.1108086,http://www.tandfonline.com/action/doSearch?SeriesKey=uter20&content=standard&countTerms=true&dateRange=%5B20140101+TO+*%7D&target=default&sortBy=&pageSize=50&subjectTitle=&startPage=3
/doi/full/10.1080/1057610X.2015.1093887,Responding to Terrorism? Human Rights Organization Shaming and Terrorist Attacks,http://www.tandfonline.com/doi/full/10.1080/1057610X.2015.1093887,http://www.tandfonline.com/action/doSearch?SeriesKey=uter20&content=standard&countTerms=true&dateRange=%5B20140101+TO+*%7D&target=default&sortBy=&pageSize=50&subjectTitle=&startPage=3
/doi/full/10.1080/1057610X.2015.1119546,Going Dark: Terrorism on the Dark Web,http://www.tandfonline.com/doi/full/10.1080/1057610X.2015.1119546,http://www.tandfonline.com/action/doSearch?SeriesKey=uter20&content=standard&countTerms=true&dateRange=%5B20140101+TO+*%7D&target=default&sortBy=&pageSize=50&subjectTitle=&startPage=3
/doi/full/10.1080/1057610X.2016.1159430,The Caliphate Is Not a Tweet Away: The Social Media Experience of Al Qaeda in the Islamic Maghreb,http://www.tandfonline.com/doi/full/10.1080/1057610X.2016.1159430,http://www.tandfonline.com/action/doSearch?SeriesKey=uter20&content=standard&countTerms=true&dateRange=%5B20140101+TO+*%7D&target=default&sortBy=&pageSize=50&subjectTitle=&startPage=3
/doi/full/10.1080/1057610X.2016.1154365,What Role Have Former ETA Terrorists Played in Counterterrorism and Counterradicalization Initiatives in Spain?,http://www.tandfonline.com/doi/full/10.1080/1057610X.2016.1154365,http://www.tandfonline.com/action/doSearch?SeriesKey=uter20&content=standard&countTerms=true&dateRange=%5B20140101+TO+*%7D&target=default&sortBy=&pageSize=50&subjectTitle=&startPage=3
/doi/full/10.1080/1057610X.2016.1151679,Differentiating Al Qaeda and the Islamic State Through Strategies Publicized in Jihadist Magazines,http://www.tandfonline.com/doi/full/10.1080/1057610X.2016.1151679,http://www.tandfonline.com/action/doSearch?SeriesKey=uter20&content=standard&countTerms=true&dateRange=%5B20140101+TO+*%7D&target=default&sortBy=&pageSize=50&subjectTitle=&startPage=3
/doi/full/10.1080/1057610X.2016.1154750,Mental Strategies for Fighting the IS: A Field Study of the Peshmerga Soldiers in Northern Iraq,http://www.tandfonline.com/doi/full/10.1080/1057610X.2016.1154750,http://www.tandfonline.com/action/doSearch?SeriesKey=uter20&content=standard&countTerms=true&dateRange=%5B20140101+TO+*%7D&target=default&sortBy=&pageSize=50&subjectTitle=&startPage=3
/doi/full/10.1080/1057610X.2016.1154364,The Islamic State's Evolving Chemical Arsenal,http://www.tandfonline.com/doi/full/10.1080/1057610X.2016.1154364,http://www.tandfonline.com/action/doSearch?SeriesKey=uter20&content=standard&countTerms=true&dateRange=%5B20140101+TO+*%7D&target=default&sortBy=&pageSize=50&subjectTitle=&startPage=3
/doi/full/10.1080/1057610X.2015.1124628,Financing War or Facilitating Peace? The Impact of Rebel Drug Trafficking on Peace Negotiations in Colombia and Myanmar,http://www.tandfonline.com/doi/full/10.1080/1057610X.2015.1124628,http://www.tandfonline.com/action/doSearch?SeriesKey=uter20&content=standard&countTerms=true&dateRange=%5B20140101+TO+*%7D&target=default&sortBy=&pageSize=50&subjectTitle=&startPage=3
/doi/full/10.1080/1057610X.2015.1116269,Only the Bad Die Young: The Correlates of Organizational Death for Far-Right Extremist Groups,http://www.tandfonline.com/doi/full/10.1080/1057610X.2015.1116269,http://www.tandfonline.com/action/doSearch?SeriesKey=uter20&content=standard&countTerms=true&dateRange=%5B20140101+TO+*%7D&target=default&sortBy=&pageSize=50&subjectTitle=&startPage=3
/doi/full/10.1080/1057610X.2015.1127111,Radicalizing Religion? Religious Identity and Settlers' Behavior,http://www.tandfonline.com/doi/full/10.1080/1057610X.2015.1127111,http://www.tandfonline.com/action/doSearch?SeriesKey=uter20&content=standard&countTerms=true&dateRange=%5B20140101+TO+*%7D&target=default&sortBy=&pageSize=50&subjectTitle=&startPage=3
/doi/full/10.1080/1057610X.2015.1116274,Crossing the Ideological Divide? Egypt's Salafists and the Muslim Brotherhood after the Arab Spring,http://www.tandfonline.com/doi/full/10.1080/1057610X.2015.1116274,http://www.tandfonline.com/action/doSearch?SeriesKey=uter20&content=standard&countTerms=true&dateRange=%5B20140101+TO+*%7D&target=default&sortBy=&pageSize=50&subjectTitle=&startPage=3
/doi/full/10.1080/1057610X.2015.1120099,Mental Health Disorders and the Terrorist: A Research Note Probing Selection Effects and Disorder Prevalence,http://www.tandfonline.com/doi/full/10.1080/1057610X.2015.1120099,http://www.tandfonline.com/action/doSearch?SeriesKey=uter20&content=standard&countTerms=true&dateRange=%5B20140101+TO+*%7D&target=default&sortBy=&pageSize=50&subjectTitle=&startPage=3
/doi/full/10.1080/1057610X.2016.1139373,"Why ISIS's Message Resonates: Leveraging Islam, Sociopolitical Catalysts, and Adaptive Messaging",http://www.tandfonline.com/doi/full/10.1080/1057610X.2016.1139373,http://www.tandfonline.com/action/doSearch?SeriesKey=uter20&content=standard&countTerms=true&dateRange=%5B20140101+TO+*%7D&target=default&sortBy=&pageSize=50&subjectTitle=&startPage=3
/doi/full/10.1080/1057610X.2016.1144918,The Pirates' Curse: Economic Impacts of the Maritime Piracy,http://www.tandfonline.com/doi/full/10.1080/1057610X.2016.1144918,http://www.tandfonline.com/action/doSearch?SeriesKey=uter20&content=standard&countTerms=true&dateRange=%5B20140101+TO+*%7D&target=default&sortBy=&pageSize=50&subjectTitle=&startPage=3
/doi/full/10.1080/1057610X.2016.1148934,A Palestinian Woman's Place in Terrorism: Organized Perpetrators or Individual Actors?,http://www.tandfonline.com/doi/full/10.1080/1057610X.2016.1148934,http://www.tandfonline.com/action/doSearch?SeriesKey=uter20&content=standard&countTerms=true&dateRange=%5B20140101+TO+*%7D&target=default&sortBy=&pageSize=50&subjectTitle=&startPage=3
/doi/full/10.1080/1057610X.2016.1145957,ISIS as an Existential Threat to the Druze: The Struggle for Survival,http://www.tandfonline.com/doi/full/10.1080/1057610X.2016.1145957,http://www.tandfonline.com/action/doSearch?SeriesKey=uter20&content=standard&countTerms=true&dateRange=%5B20140101+TO+*%7D&target=default&sortBy=&pageSize=50&subjectTitle=&startPage=3
/doi/full/10.1080/1057610X.2016.1159069,Between Cold War Imperatives and State-Sponsored Terrorism: The United States and “Operation Condor”,http://www.tandfonline.com/doi/full/10.1080/1057610X.2016.1159069,http://www.tandfonline.com/action/doSearch?SeriesKey=uter20&content=standard&countTerms=true&dateRange=%5B20140101+TO+*%7D&target=default&sortBy=&pageSize=50&subjectTitle=&startPage=3
/doi/full/10.1080/1057610X.2016.1216934,Editorial Board EOV,http://www.tandfonline.com/doi/full/10.1080/1057610X.2016.1216934,http://www.tandfonline.com/action/doSearch?SeriesKey=uter20&content=standard&countTerms=true&dateRange=%5B20140101+TO+*%7D&target=default&sortBy=&pageSize=50&subjectTitle=&startPage=3
/doi/full/10.1080/1057610X.2016.1159070,The Non-Random Nature of Terrorism: An Exploration of Where and How Global Trends of Terrorism Have Developed Over 40 Years,http://www.tandfonline.com/doi/full/10.1080/1057610X.2016.1159070,http://www.tandfonline.com/action/doSearch?SeriesKey=uter20&content=standard&countTerms=true&dateRange=%5B20140101+TO+*%7D&target=default&sortBy=&pageSize=50&subjectTitle=&startPage=3
/doi/full/10.1080/1057610X.2016.1159429,Islamic State Nasheeds As Messaging Tools,http://www.tandfonline.com/doi/full/10.1080/1057610X.2016.1159429,http://www.tandfonline.com/action/doSearch?SeriesKey=uter20&content=standard&countTerms=true&dateRange=%5B20140101+TO+*%7D&target=default&sortBy=&pageSize=50&subjectTitle=&startPage=3
/doi/full/10.1080/1057610X.2016.1184064,Terror Organizations' Uses of Public Diplomacy: Limited versus Total Conflicts,http://www.tandfonline.com/doi/full/10.1080/1057610X.2016.1184064,http://www.tandfonline.com/action/doSearch?SeriesKey=uter20&content=standard&countTerms=true&dateRange=%5B20140101+TO+*%7D&target=default&sortBy=&pageSize=50&subjectTitle=&startPage=3
/doi/full/10.1080/1057610X.2016.1221252,From Cubs to Lions: A Six Stage Model of Child Socialization into the Islamic State,http://www.tandfonline.com/doi/full/10.1080/1057610X.2016.1221252,http://www.tandfonline.com/action/doSearch?SeriesKey=uter20&content=standard&countTerms=true&dateRange=%5B20140101+TO+*%7D&target=default&sortBy=&pageSize=50&subjectTitle=&startPage=3
/doi/full/10.1080/1057610X.2016.1184061,Introducing the 1993 Terrorism and Political Violence Dataset,http://www.tandfonline.com/doi/full/10.1080/1057610X.2016.1184061,http://www.tandfonline.com/action/doSearch?SeriesKey=uter20&content=standard&countTerms=true&dateRange=%5B20140101+TO+*%7D&target=default&sortBy=&pageSize=50&subjectTitle=&startPage=3
/doi/full/10.1080/1057610X.2016.1177998,“Unwilling Cocoons”: Boko Haram's War Against Women,http://www.tandfonline.com/doi/full/10.1080/1057610X.2016.1177998,http://www.tandfonline.com/action/doSearch?SeriesKey=uter20&content=standard&countTerms=true&dateRange=%5B20140101+TO+*%7D&target=default&sortBy=&pageSize=50&subjectTitle=&startPage=3
/doi/full/10.1080/1057610X.2016.1221253,The Dynamics of Terrorism and Counterterrorism: Understanding the Domestic Security Dilemma,http://www.tandfonline.com/doi/full/10.1080/1057610X.2016.1221253,http://www.tandfonline.com/action/doSearch?SeriesKey=uter20&content=standard&countTerms=true&dateRange=%5B20140101+TO+*%7D&target=default&sortBy=&pageSize=50&subjectTitle=&startPage=3
/doi/full/10.1080/1057610X.2016.1212551,An Analysis of Inspire and Dabiq: Lessons from AQAP and Islamic State's Propaganda War,http://www.tandfonline.com/doi/full/10.1080/1057610X.2016.1212551,http://www.tandfonline.com/action/doSearch?SeriesKey=uter20&content=standard&countTerms=true&dateRange=%5B20140101+TO+*%7D&target=default&sortBy=&pageSize=50&subjectTitle=&startPage=3
/doi/full/10.1080/1057610X.2016.1157408,Determining the Role of the Internet in Violent Extremism and Terrorism: Six Suggestions for Progressing Research,http://www.tandfonline.com/doi/full/10.1080/1057610X.2016.1157408,http://www.tandfonline.com/action/doSearch?SeriesKey=uter20&content=standard&countTerms=true&dateRange=%5B20140101+TO+*%7D&target=default&sortBy=&pageSize=50&subjectTitle=&startPage=3
/doi/full/10.1080/1057610X.2016.1221256,Coercive Radicalization: Charismatic Authority and the Internal Strategies of ISIS and the Lord's Resistance Army,http://www.tandfonline.com/doi/full/10.1080/1057610X.2016.1221256,http://www.tandfonline.com/action/doSearch?SeriesKey=uter20&content=standard&countTerms=true&dateRange=%5B20140101+TO+*%7D&target=default&sortBy=&pageSize=50&subjectTitle=&startPage=3
/doi/full/10.1080/1057610X.2016.1197692,Can Knowledge of Islam Explain Lack of Support for Terrorism? Evidence from Pakistan,http://www.tandfonline.com/doi/full/10.1080/1057610X.2016.1197692,http://www.tandfonline.com/action/doSearch?SeriesKey=uter20&content=standard&countTerms=true&dateRange=%5B20140101+TO+*%7D&target=default&sortBy=&pageSize=50&subjectTitle=&startPage=3
/doi/full/10.1080/1057610X.2016.1157403,“Electronic Jihad”: The Internet as Al Qaeda's Catalyst for Global Terror,http://www.tandfonline.com/doi/full/10.1080/1057610X.2016.1157403,http://www.tandfonline.com/action/doSearch?SeriesKey=uter20&content=standard&countTerms=true&dateRange=%5B20140101+TO+*%7D&target=default&sortBy=&pageSize=50&subjectTitle=&startPage=3
/doi/full/10.1080/1057610X.2016.1223979,"Schools and Terrorism: Global Trends, Impacts, and Lessons for Resilience",http://www.tandfonline.com/doi/full/10.1080/1057610X.2016.1223979,http://www.tandfonline.com/action/doSearch?SeriesKey=uter20&content=standard&countTerms=true&dateRange=%5B20140101+TO+*%7D&target=default&sortBy=&pageSize=50&subjectTitle=&startPage=3
/doi/full/10.1080/1057610X.2016.1205368,Yemen: Between Revolution and Regression,http://www.tandfonline.com/doi/full/10.1080/1057610X.2016.1205368,http://www.tandfonline.com/action/doSearch?SeriesKey=uter20&content=standard&countTerms=true&dateRange=%5B20140101+TO+*%7D&target=default&sortBy=&pageSize=50&subjectTitle=&startPage=3
/doi/full/10.1080/1057610X.2016.1184060,Terrorist Assassinations and Target Selection,http://www.tandfonline.com/doi/full/10.1080/1057610X.2016.1184060,http://www.tandfonline.com/action/doSearch?SeriesKey=uter20&content=standard&countTerms=true&dateRange=%5B20140101+TO+*%7D&target=default&sortBy=&pageSize=50&subjectTitle=&startPage=3
/doi/full/10.1080/1057610X.2016.1221255,Does the International Trafficking of Cultural Heritage Really Fuel Military Conflicts?,http://www.tandfonline.com/doi/full/10.1080/1057610X.2016.1221255,http://www.tandfonline.com/action/doSearch?SeriesKey=uter20&content=standard&countTerms=true&dateRange=%5B20140101+TO+*%7D&target=default&sortBy=&pageSize=50&subjectTitle=&startPage=3
/doi/full/10.1080/1057610X.2016.1214434,"Killing People, Dividing a Nation? Analyzing Student Perceptions of the Boko Haram Crisis in Nigeria",http://www.tandfonline.com/doi/full/10.1080/1057610X.2016.1214434,http://www.tandfonline.com/action/doSearch?SeriesKey=uter20&content=standard&countTerms=true&dateRange=%5B20140101+TO+*%7D&target=default&sortBy=&pageSize=50&subjectTitle=&startPage=3
/doi/full/10.1080/1057610X.2016.1184062,What Does Dabiq Do? ISIS Hermeneutics and Organizational Fractures within Dabiq Magazine,http://www.tandfonline.com/doi/full/10.1080/1057610X.2016.1184062,http://www.tandfonline.com/action/doSearch?SeriesKey=uter20&content=standard&countTerms=true&dateRange=%5B20140101+TO+*%7D&target=default&sortBy=&pageSize=50&subjectTitle=&startPage=3
/doi/full/10.1080/1057610X.2016.1221258,"“What ISIS Really Wants” Revisited: Religion Matters in Jihadist Violence, but How?",http://www.tandfonline.com/doi/full/10.1080/1057610X.2016.1221258,http://www.tandfonline.com/action/doSearch?SeriesKey=uter20&content=standard&countTerms=true&dateRange=%5B20140101+TO+*%7D&target=default&sortBy=&pageSize=50&subjectTitle=&startPage=3
/doi/full/10.1080/1057610X.2016.1212548,A Community-Level Comparison of Terrorism Movements in the United States,http://www.tandfonline.com/doi/full/10.1080/1057610X.2016.1212548,http://www.tandfonline.com/action/doSearch?SeriesKey=uter20&content=standard&countTerms=true&dateRange=%5B20140101+TO+*%7D&target=default&sortBy=&pageSize=50&subjectTitle=&startPage=3
/doi/full/10.1080/1057610X.2016.1157402,Introduction to the Special Issue: Terrorist Online Propaganda and Radicalization,http://www.tandfonline.com/doi/full/10.1080/1057610X.2016.1157402,http://www.tandfonline.com/action/doSearch?SeriesKey=uter20&content=standard&countTerms=true&dateRange=%5B20140101+TO+*%7D&target=default&sortBy=&pageSize=50&subjectTitle=&startPage=3
/doi/full/10.1080/1057610X.2016.1210891,Blunders and Blame: How Armed Non-State Actors React to Their Mistakes,http://www.tandfonline.com/doi/full/10.1080/1057610X.2016.1210891,http://www.tandfonline.com/action/doSearch?SeriesKey=uter20&content=standard&countTerms=true&dateRange=%5B20140101+TO+*%7D&target=default&sortBy=&pageSize=50&subjectTitle=&startPage=3
/doi/full/10.1080/1057610X.2016.1174501,Framing through Paradox: Egypt and the “Obama Supports Terrorism” Campaign,http://www.tandfonline.com/doi/full/10.1080/1057610X.2016.1174501,http://www.tandfonline.com/action/doSearch?SeriesKey=uter20&content=standard&countTerms=true&dateRange=%5B20140101+TO+*%7D&target=default&sortBy=&pageSize=50&subjectTitle=&startPage=3
/doi/full/10.1080/1057610X.2016.1188535,The Psychology of Foreign Fighters,http://www.tandfonline.com/doi/full/10.1080/1057610X.2016.1188535,http://www.tandfonline.com/action/doSearch?SeriesKey=uter20&content=standard&countTerms=true&dateRange=%5B20140101+TO+*%7D&target=default&sortBy=&pageSize=50&subjectTitle=&startPage=3
/doi/full/10.1080/1057610X.2016.1157406,The Call to Jihad: Charismatic Preachers and the Internet,http://www.tandfonline.com/doi/full/10.1080/1057610X.2016.1157406,http://www.tandfonline.com/action/doSearch?SeriesKey=uter20&content=standard&countTerms=true&dateRange=%5B20140101+TO+*%7D&target=default&sortBy=&pageSize=50&subjectTitle=&startPage=3
/doi/full/10.1080/1057610X.2016.1206734,"Homegrown Violent Extremism in Trinidad and Tobago: Local Patterns, Global Trends",http://www.tandfonline.com/doi/full/10.1080/1057610X.2016.1206734,http://www.tandfonline.com/action/doSearch?SeriesKey=uter20&content=standard&countTerms=true&dateRange=%5B20140101+TO+*%7D&target=default&sortBy=&pageSize=50&subjectTitle=&startPage=3
/doi/full/10.1080/1057610X.2016.1188533,Making the Sky Relevant to Battle Strategy: Counterinsurgency and the Prospects of Air Power in Nigeria,http://www.tandfonline.com/doi/full/10.1080/1057610X.2016.1188533,http://www.tandfonline.com/action/doSearch?SeriesKey=uter20&content=standard&countTerms=true&dateRange=%5B20140101+TO+*%7D&target=default&sortBy=&pageSize=50&subjectTitle=&startPage=3
/doi/full/10.1080/1057610X.2015.1040293,Iran's Security and the Islamic State through the Lenses of the Copenhagen School,http://www.tandfonline.com/doi/full/10.1080/1057610X.2015.1040293,http://www.tandfonline.com/action/doSearch?SeriesKey=uter20&content=standard&countTerms=true&dateRange=%5B20140101+TO+*%7D&target=default&sortBy=&pageSize=50&subjectTitle=&startPage=3
/doi/full/10.1080/1057610X.2016.1194025,The Discourse of Terror Threats: Assessing Online Written Threats by Nigerian Terrorist Groups,http://www.tandfonline.com/doi/full/10.1080/1057610X.2016.1194025,http://www.tandfonline.com/action/doSearch?SeriesKey=uter20&content=standard&countTerms=true&dateRange=%5B20140101+TO+*%7D&target=default&sortBy=&pageSize=50&subjectTitle=&startPage=3
/doi/full/10.1080/1057610X.2016.1157404,#Westgate: A Case Study: How al-Shabaab used Twitter during an Ongoing Attack,http://www.tandfonline.com/doi/full/10.1080/1057610X.2016.1157404,http://www.tandfonline.com/action/doSearch?SeriesKey=uter20&content=standard&countTerms=true&dateRange=%5B20140101+TO+*%7D&target=default&sortBy=&pageSize=50&subjectTitle=&startPage=4
/doi/full/10.1080/1057610X.2016.1168656,Specifying Kidnapping for Ransom Epidemics at the Global Level: A Matched-Case Control Design,http://www.tandfonline.com/doi/full/10.1080/1057610X.2016.1168656,http://www.tandfonline.com/action/doSearch?SeriesKey=uter20&content=standard&countTerms=true&dateRange=%5B20140101+TO+*%7D&target=default&sortBy=&pageSize=50&subjectTitle=&startPage=4
/doi/full/10.1080/1057610X.2016.1239430,Uprooting or Sowing Violence?: Coca Eradication and Guerrilla Violence in Colombia,http://www.tandfonline.com/doi/full/10.1080/1057610X.2016.1239430,http://www.tandfonline.com/action/doSearch?SeriesKey=uter20&content=standard&countTerms=true&dateRange=%5B20140101+TO+*%7D&target=default&sortBy=&pageSize=50&subjectTitle=&startPage=4
/doi/full/10.1080/1057610X.2016.1231566,The Role of Civil Wars and Elections in Inducing Political Assassinations,http://www.tandfonline.com/doi/full/10.1080/1057610X.2016.1231566,http://www.tandfonline.com/action/doSearch?SeriesKey=uter20&content=standard&countTerms=true&dateRange=%5B20140101+TO+*%7D&target=default&sortBy=&pageSize=50&subjectTitle=&startPage=4
/doi/full/10.1080/1057610X.2016.1239991,Police Collapse in Authoritarian Regimes: Lessons from Tunisia,http://www.tandfonline.com/doi/full/10.1080/1057610X.2016.1239991,http://www.tandfonline.com/action/doSearch?SeriesKey=uter20&content=standard&countTerms=true&dateRange=%5B20140101+TO+*%7D&target=default&sortBy=&pageSize=50&subjectTitle=&startPage=4
/doi/full/10.1080/1057610X.2016.1234313,"The Rise and Transformation of the Radical Right Movement in Denmark, 1980–2015",http://www.tandfonline.com/doi/full/10.1080/1057610X.2016.1234313,http://www.tandfonline.com/action/doSearch?SeriesKey=uter20&content=standard&countTerms=true&dateRange=%5B20140101+TO+*%7D&target=default&sortBy=&pageSize=50&subjectTitle=&startPage=4
/doi/full/10.1080/1057610X.2016.1239990,U.S. Counterterrorism Operations during the Iraq War: A Case Study of Task Force 714,http://www.tandfonline.com/doi/full/10.1080/1057610X.2016.1239990,http://www.tandfonline.com/action/doSearch?SeriesKey=uter20&content=standard&countTerms=true&dateRange=%5B20140101+TO+*%7D&target=default&sortBy=&pageSize=50&subjectTitle=&startPage=4
/doi/full/10.1080/1057610X.2016.1239992,The Rebels' Resource Curse: A Theory of Insurgent-Civilian Dynamics,http://www.tandfonline.com/doi/full/10.1080/1057610X.2016.1239992,http://www.tandfonline.com/action/doSearch?SeriesKey=uter20&content=standard&countTerms=true&dateRange=%5B20140101+TO+*%7D&target=default&sortBy=&pageSize=50&subjectTitle=&startPage=4
/doi/full/10.1080/1057610X.2016.1237219,"Constructing Expertise: Terrorist Recruitment and “Talent Spotting” in the PIRA, Al Qaeda and ISIS",http://www.tandfonline.com/doi/full/10.1080/1057610X.2016.1237219,http://www.tandfonline.com/action/doSearch?SeriesKey=uter20&content=standard&countTerms=true&dateRange=%5B20140101+TO+*%7D&target=default&sortBy=&pageSize=50&subjectTitle=&startPage=4
/doi/full/10.1080/1057610X.2016.1236571,The Islamic State's Strategy: Bureaucratizing the Apocalypse through Strategic Communications,http://www.tandfonline.com/doi/full/10.1080/1057610X.2016.1236571,http://www.tandfonline.com/action/doSearch?SeriesKey=uter20&content=standard&countTerms=true&dateRange=%5B20140101+TO+*%7D&target=default&sortBy=&pageSize=50&subjectTitle=&startPage=4
/doi/full/10.1080/1057610X.2016.1237225,Copying to be Different: Violent Dissident Irish Republican Learning,http://www.tandfonline.com/doi/full/10.1080/1057610X.2016.1237225,http://www.tandfonline.com/action/doSearch?SeriesKey=uter20&content=standard&countTerms=true&dateRange=%5B20140101+TO+*%7D&target=default&sortBy=&pageSize=50&subjectTitle=&startPage=4
/doi/full/10.1080/1057610X.2016.1237222,Irish Republican Terrorism: Learning from and Teaching Other Countries,http://www.tandfonline.com/doi/full/10.1080/1057610X.2016.1237222,http://www.tandfonline.com/action/doSearch?SeriesKey=uter20&content=standard&countTerms=true&dateRange=%5B20140101+TO+*%7D&target=default&sortBy=&pageSize=50&subjectTitle=&startPage=4
/doi/full/10.1080/1057610X.2016.1237228,A Preliminary Typology Mapping Pathways of Learning and Innovation by Modern Jihadist Groups,http://www.tandfonline.com/doi/full/10.1080/1057610X.2016.1237228,http://www.tandfonline.com/action/doSearch?SeriesKey=uter20&content=standard&countTerms=true&dateRange=%5B20140101+TO+*%7D&target=default&sortBy=&pageSize=50&subjectTitle=&startPage=4
/doi/full/10.1080/1057610X.2016.1221265,A Comparative Study of US and Iranian Counter-ISIS Strategies,http://www.tandfonline.com/doi/full/10.1080/1057610X.2016.1221265,http://www.tandfonline.com/action/doSearch?SeriesKey=uter20&content=standard&countTerms=true&dateRange=%5B20140101+TO+*%7D&target=default&sortBy=&pageSize=50&subjectTitle=&startPage=4
/doi/abs/10.1080/1057610X.2016.1157407,"Brothers, Believers, Brave Mujahideen: Focusing attention on the audience of violent jihadist preachers",http://www.tandfonline.com/doi/abs/10.1080/1057610X.2016.1157407,http://www.tandfonline.com/action/doSearch?SeriesKey=uter20&content=standard&countTerms=true&dateRange=%5B20140101+TO+*%7D&target=default&sortBy=&pageSize=50&subjectTitle=&startPage=4
/doi/full/10.1080/1057610X.2016.1237217,Old Becomes New Again: Kidnappings by Daesh and Other Salafi Jihadists in the 21 Century,http://www.tandfonline.com/doi/full/10.1080/1057610X.2016.1237217,http://www.tandfonline.com/action/doSearch?SeriesKey=uter20&content=standard&countTerms=true&dateRange=%5B20140101+TO+*%7D&target=default&sortBy=&pageSize=50&subjectTitle=&startPage=4
/doi/full/10.1080/1057610X.2016.1236569,"Al-Shabaab, Social Identity Group, Human (In)Security & Counterterrorism",http://www.tandfonline.com/doi/full/10.1080/1057610X.2016.1236569,http://www.tandfonline.com/action/doSearch?SeriesKey=uter20&content=standard&countTerms=true&dateRange=%5B20140101+TO+*%7D&target=default&sortBy=&pageSize=50&subjectTitle=&startPage=4
/doi/full/10.1080/1057610X.2016.1237221,Tactical Innovation and the Provisional Irish Republican Army,http://www.tandfonline.com/doi/full/10.1080/1057610X.2016.1237221,http://www.tandfonline.com/action/doSearch?SeriesKey=uter20&content=standard&countTerms=true&dateRange=%5B20140101+TO+*%7D&target=default&sortBy=&pageSize=50&subjectTitle=&startPage=4
/doi/full/10.1080/1057610X.2016.1235352,Is There a Culture or Religion of Torture? International Support for Brutal Treatment of Suspected Terrorists,http://www.tandfonline.com/doi/full/10.1080/1057610X.2016.1235352,http://www.tandfonline.com/action/doSearch?SeriesKey=uter20&content=standard&countTerms=true&dateRange=%5B20140101+TO+*%7D&target=default&sortBy=&pageSize=50&subjectTitle=&startPage=4
/doi/full/10.1080/1057610X.2016.1237224,Terrorist Learning: A New Analytical Framework,http://www.tandfonline.com/doi/full/10.1080/1057610X.2016.1237224,http://www.tandfonline.com/action/doSearch?SeriesKey=uter20&content=standard&countTerms=true&dateRange=%5B20140101+TO+*%7D&target=default&sortBy=&pageSize=50&subjectTitle=&startPage=4
